Attribute,Description,Valid Values,DependsOn,Properties,Required,Parent,DependsOn Component,Source,Validation Rules,Module,Type,Ontology
sampleType,The type of sample collected,"Amniotic Fluid,Appendix,B cell,Basophils,Bone,Bone Marrow,Brachial lymph node,brain,Breast Milk,Bronchoalveolar Lavage Fluid,Carbohydrate,Cell culture supernatant,cell line,Cerebrospinal Fluid,Cervical lymph nodes,Colon,Colonic Lamina Propria,Convalescent Plasma,Cord blood,Dendritic cell,Dermis,DNA,Dried Blood Spot,Endotracheal aspirate,Epithelium,Feces,Fibroblast,Gastric lamina propria,Ileum,Inguinal lymph node,Jejunum,Kidney,Leukocytes,Lipid,Liver,Lung,Lung lymph node,Lymph node,Lymphocyte,Macrophage,Mesenteric lymph node,Monocyte,Mouse Ear,Nasal lavage fluid,Nasal Swab,Nasal Swab or Nose Specimen,Nasopharyngeal Swab Specimen,Negative Control,Neutrophil,NK cell,Not Specified,Optic Nerve,Organoids,Oropharyngeal Swab Specimen,Osteoblasts,OtherSampleType,Pancreas,Pancreatic Stellate Cells,PBL,PBMC,Placenta,Plasma,Pooled Sample,Popliteal lymph node,Positive Control,Protein,Rectal Swab Specimen,Red Blood Cell,Saliva,Salivary Glands,Serum,Skin of body,Small intestine,Spleen,Sputum,Stomach,Synovial fluid,Synovial tissue,T cell,Thymus,Tonsil,Trachea,Tumor Tissue,Umbilical cord blood,Urinary bladder,Urine,Vagina,Whole blood",,,True,DataProperty,,"ImmPort,Sage Bionetworks",,Unspecified,,
gDNAconc,gDNA Concentration in ng,,,,True,DataProperty,,Sage Bionetworks,regex search ([0-9]+\.[0-9]*.)|([0-9]+),Unspecified,,
lambdaDNAconc,Lambda DNA spike-in concentration in ng,,,,True,DataProperty,,Sage Bionetworks,regex search ([0-9]+\.[0-9]*.)|([0-9]+),Unspecified,,
pcrCycles,Number of PCR cycles to amplify transposased DNA fragments,,,,True,DataProperty,,Sage Bionetworks,regex search ([0-9]+\.[0-9]*.)|([0-9]+),Unspecified,,
meanCoverage,Total number of bases covered by ATAC-seq reads/size of genome,,,,True,DataProperty,,Sage Bionetworks,regex search ([0-9]+\.[0-9]*.)|([0-9]+),Unspecified,,
conversionRatio,The ratio or % detailing how well the bisulfite conversion worked,,,,True,DataProperty,,Sage Bionetworks,,Unspecified,,
conversionRatioUnits,The units of measurement.,"AFU,AI,AU/ml,DK units/ml,bpg/dl,g/l,gm,HAU,IU,iu/l,IU/ml,Kallikrein Inactivator Unit per Milliliter,kg,l,M,mg,mg/dl,mg/l,mg/ml,miu/ml,ml,mM,MOI,ng,ng/dl,ng/ml,ng/nl,ng/ul,nl,nM,Not Specified,NPX,optical density,PFU,PFUe,pg,pg/mg creatinine,pg/ml,pg/nl,pg/ul,pl,pM,Pound,TCID50,ug,ug/dl,ug/l,ug/ml,ug/ul,uiu/ml,ul,uM,umol/l,units/ml,OtherConversionRatioUnits",,,True,DataProperty,,Sage Bionetworks,,Unspecified,,
enrichmentMethod,The method used for performing an enrichment of specific regions by a restriction enzyme digest,,,,True,DataProperty,,Sage Bionetworks,,Unspecified,,
repositoryName,"The public repository name for the transcript (for example, Ensembl or NCBI Gene)","ArrayExpress,Broad Single Cell Portal,dbGAP,ENA,Ensembl,FlowRepository,GenBank,GEO,GISAID,IEDB,ImmPort,MassIVE,MetaboLights,Metabolomics Workbench,MGnify,NCBI Gene,PRIDE,SRA,UniProt,OtherRepositoryName,Unknown,Not collected,Not applicable,Not Specified",,,True,DataProperty,,Sage Bionetworks,,Unspecified,,
transcriptType,The type of transcript reported,"lincRNA,mRNA,snRNA,OtherTranscriptType,Unknown,Not collected,Not applicable,Not Specified",,,True,DataProperty,,ImmPort,,Unspecified,,
resultUnit,The unit for the result value,"FPKM,RPKM,TPM,Not Specified",,,True,DataProperty,,Sage Bionetworks,,Unspecified,,
valueReported,The count or gene count for the transcript,,,,True,DataProperty,,Sage Bionetworks,regex search ([0-9]+\.[0-9]*.)|([0-9]+),Unspecified,,
useReagent,Was a reagent applied to the sample,"YesUseReagent,No",,,True,DataProperty,,"ImmPort,Sage Bionetworks",,Unspecified,,
useTreatment,Was a treatment applied to the sample,"YesUseTreatment,No",,,True,DataProperty,,"ImmPort,Sage Bionetworks",,Unspecified,,
treatmentID(s),"One or more identifiers, separated by a semicolon (;). The treatment identifier(s) must be stored in a data dictionary .csv file uploaded to Synapse",,,,False,DataProperty,,"ImmPort,Sage Bionetworks",,Unspecified,,
treatmentName,"Treatments refer to in vitro modifications of samples. Three treatment types are supported: agent amount, duration, and temperature.  Treatment name is an alternate identifier to the Treatment ID ",,,,False,DataProperty,,"ImmPort,Sage Bionetworks",,Unspecified,,
treatmentAmountValue,"The Amount Value indicates how much (concentration, mass, volume) of a treatment agent was applied to a sample.",,,,False,DataProperty,,"ImmPort,Sage Bionetworks",,Unspecified,,
treatmentAmountUnit,Unit of treatment amount,"AFU,AI,AU/ml,DK units/ml,g/dl,g/l,gm,HAU,IU,iu/l,IU/ml,Kallikrein Inactivator Unit per Milliliter,kg,l,M,mg,mg/dl,mg/l,mg/ml,miu/ml,ml,mM,MOI,ng,ng/dl,ng/ml,ng/nl,ng/ul,nl,nM,Not Specified,NPX,optical density,PFU,PFUe,pg,pg/mg creatinine,pg/ml,pg/nl,pg/ul,pl,pM,Pound,TCID50,ug,ug/dl,ug/l,ug/ml,ug/ul,uiu/ml,ul,uM,umol/l,units/ml",,,False,DataProperty,,"ImmPort,Sage Bionetworks",regex search ([0-9]+\.[0-9]*.)|([0-9]+),Unspecified,,
treatmentDurationValue,Duration of treatment,,,,False,DataProperty,,,regex search ([0-9]+\.[0-9]*.)|([0-9]+),Unspecified,,
treatmentDurationUnit,Unit of treatment duration,"d.p.c.,Days,Hours,Minutes,Months,Not Specified,Seconds,Weeks,Years",,,False,DataProperty,,"ImmPort,Sage Bionetworks",,Unspecified,,
treatmentTemperatureValue,Value of treatment temperature,,,,False,DataProperty,,"ImmPort,Sage Bionetworks",regex search ([0-9]+\.[0-9]*.)|([0-9]+),Unspecified,,
treatmentTemperatureUnit,Unit of treatment temperature,"C,F,K,Not Specified",,,False,DataProperty,,"ImmPort,Sage Bionetworks",,Unspecified,,
msTarget,specifies whether or not a specific molecule(s) is/are targeted for detection/measurement by the assay,"TargetedMsTarget,UnTargetedMsTarget,Unknown,Not collected,Not applicable,Not Specified",,,True,DataProperty,,Sage Bionetworks,,Unspecified,,
msAnalyzerTypeMS1,"Describes the mass spectrometer analyzer used to read out parent ions (quadrupole, ion-trap, time-of-flight, FT-ICR, including combinations of these for hybrid instruments)","LTQ Orbitrap XL,Orbitrap Fusion,Orbitrap Fusion Lumos,Q Exactive,Q Exactive HF,Q Exactive HF-X,Q Exactive Plus,Exploris 240Exploris 480quadrupole time-of-flight,time-of-flight,triple quadrupole,Xevo G2 QTOF,Xevo TQ-S,Bruker Avance IIITimsTOF ProOtherMsAnalyzerTypeMS1,Unknown,Not collected,Not applicable,Not Specified",,,True,DataProperty,,"Proposed minimum metadata relative to mass spectrometry ,Sage Bionetworks",,Unspecified,,
msAnalyzerTypeMS2,"Describes the mass spectrometer analyzer used to read out fragment ions(quadrupole, ion-trap, time-of-flight, FT-ICR, including combinations of these for hybrid instruments)","LTQ Orbitrap XL,Orbitrap Fusion,Orbitrap Fusion Lumos,Q Exactive,Q Exactive HF,Q Exactive HF-X,Q Exactive Plus,Exploris 240Exploris 480quadrupole time-of-flight,time-of-flight,triple quadrupole,Xevo G2 QTOF,Xevo TQ-S,Bruker Avance IIITimsTOF ProOtherMsAnalyzerTypeMS2,Unknown,Not collected,Not applicable,Not Specified",,,True,DataProperty,,"Proposed minimum metadata relative to mass spectrometry ,Sage Bionetworks",,Unspecified,,
msAssayTechnique,Specified the mass spectrometer technique used,"DDA-MS,DIA-MS,FIA-MSMS,HPLC-MSMS,LC-MS,LC-MSMS,MDMS-SL,MIB-MS,UPLC-MSMS,UPLC-ESI-QTOF-MS,LC-SRMOtherMsAssayTechnique,Unknown,Not collected,Not applicable,Not Specified",,,True,DataProperty,,"DSLWG,Sage Bionetworks",,Unspecified,,
msAnalyteType,the type of biospecimen subjected to analysis,"Protein,metabolite,Lipid,Other,Unknown,Not collected,Not applicable,Not Specified",,,False,DataProperty,,http://purl.obolibrary.org/obo/NCIT_C156434,,Unspecified,,
msInstrumentModel,The model of the mass spectrometer  used,,,,True,DataProperty,,"Proposed minimum metadata relative to mass spectrometry  ,Sage Bionetworks",str,Unspecified,,
sampleIntroduction,"The sample introduction and delivery. From GC, from LC, direct infusion without chromatography, direct infusion using dedicated autosampler flow rate.","Other,Unknown,Not collected,Not applicable,Not Specified",,,True,DataProperty,,"Proposed minimum metadata relative to mass spectrometry  ,Sage Bionetworks",,Unspecified,,
extractionMethod,The name of the process used to separate a desired component of an input material from the remainder,"Unknown,Not collected,Not applicable,Not Specified",,,True,DataProperty,,http://purl.obolibrary.org/obo/OBI_0302884,,Unspecified,,
acquisitionMode,"The specific aspect of a mass spectrometer method by which mass ranges are selected and possibly dissociated (full scan, MSn, SIM, MRM, etc.).","Unknown,Not collected,Not applicable,Not Specified",,,True,DataProperty,,https://www.ebi.ac.uk/ols/ontologies/ms/termsiri=http%3A%2F%2Fpurl.obolibrary.org%2Fobo%2FMS_1003213,,Unspecified,,
acquisitionSoftware,The name of the acquisition software used,"Unknown,Not collected,Not applicable,Not Specified",,,True,DataProperty,,http://purl.obolibrary.org/obo/MS_1001455,,Unspecified,,
acquistionSoftwareVersion,The version number of software used,,,,True,DataProperty,,Sage Bionetworks,regex search ([0-9]+\.[0-9]*.)|([0-9]+),Unspecified,,
samplePrepProtocol,An internet address that may provide more details of the protocol information (web link),,,,False,DataProperty,,Sage Bionetworks,,Unspecified,,
databaseName,"The name of the search database (nr, SwissProt or est_human, and/or mass spectral library).","MassBank of North America (MoNA),NIST17,Metlin,HMDB,OtherDatabaseName,Unknown,Not collected,Not applicable,Not Specified",,,True,DataProperty,,http://purl.obolibrary.org/obo/MS_1001013,,Unspecified,,
databaseSource,"The name of the organization, project, or laboratory from where the database is obtained (UniProt, NCBI, EBI, other).","OtherDatabaseSource,Unknown,Not collected,Not applicable,Not Specified",,,False,DataProperty,,http://purl.obolibrary.org/obo/MS_1001012,,Unspecified,,
databaseWeblink,"An internet address that may provide details of a database or software search, as well as for labs who generate their own search method",,,,False,DataProperty,,"DSLWG,Sage Bionetworks",,Unspecified,,
spectrometerFrequency,The frequency at which a spectrometer causes hydrogen atoms to resonate (in MHz),,,,True,DataProperty,,Sage Bionetworks,regex search ([0-9]+\.[0-9]*.)|([0-9]+),Unspecified,,
hasIonizationSource,Were the ionization conditions recorded to enable reproduction of the experiment,"YesHasIonizationSource,No",,,True,DataProperty,,"Proposed minimum metadata relative to mass spectrometry ,Sage Bionetworks",,Unspecified,,
ionProperty,Ion charge state (positive or negative-ion analysis),"Positive,Negative",,,False,DataProperty,,"Proposed minimum metadata relative to mass spectrometry ,Sage Bionetworks",,Unspecified,,
vacuumPressure,The recorded vacuum pressure value,,,,False,DataProperty,,"Proposed minimum metadata relative to mass spectrometry ,Sage Bionetworks",regex search ([0-9]+\.[0-9]*.)|([0-9]+),Unspecified,,
vacuumPressureUnit,Unit of vacuum pressure value,"AFU,AI,AU/ml,DK units/ml,bpg/dl,g/l,gm,HAU,IU,iu/l,IU/ml,Kallikrein Inactivator Unit per Milliliter,kg,l,M,mg,mg/dl,mg/l,mg/ml,miu/ml,ml,mM,MOI,ng,ng/dl,ng/ml,ng/nl,ng/ul,nl,nM,Not Specified,NPX,optical density,PFU,PFUe,pg,pg/mg creatinine,pg/ml,pg/nl,pg/ul,pl,pM,Pound,TCID50,ug,ug/dl,ug/l,ug/ml,ug/ul,uiu/ml,ul,uM,umol/l,units/ml,OtherVacuumPressureUnit",,,False,DataProperty,,"Proposed minimum metadata relative to mass spectrometry ,Sage Bionetworks",,Unspecified,,
lensVoltages ,"The skimmer/focusing lens voltages e.g., capillary voltage, etc.",,,,False,DataProperty,,"Proposed minimum metadata relative to mass spectrometry ,Sage Bionetworks",regex search ([0-9]+\.[0-9]*.)|([0-9]+),Unspecified,,
lensVoltagesUnit ,Unit of lens voltages,"AFU,AI,AU/ml,DK units/ml,bpg/dl,g/l,gm,HAU,IU,iu/l,IU/ml,Kallikrein Inactivator Unit per Milliliter,kg,l,M,mg,mg/dl,mg/l,mg/ml,miu/ml,ml,mM,MOI,ng,ng/dl,ng/ml,ng/nl,ng/ul,nl,nM,Not Specified,NPX,optical density,PFU,PFUe,pg,pg/mg creatinine,pg/ml,pg/nl,pg/ul,pl,pM,Pound,TCID50,ug,ug/dl,ug/l,ug/ml,ug/ul,uiu/ml,ul,uM,umol/l,units/ml,OtherLensVoltagesUnit",,,False,DataProperty,,"Proposed minimum metadata relative to mass spectrometry ,Sage Bionetworks",,Unspecified,,
gasFlowTemperature,"e.g., nebulization gas, cone gas, etc.",,,,False,DataProperty,,"Proposed minimum metadata relative to mass spectrometry ,Sage Bionetworks",regex search ([0-9]+\.[0-9]*.)|([0-9]+),Unspecified,,
gasFlowTemperatureUnit,Unit of gas flow temperature,"C,F,K,Not Specified",,,False,DataProperty,,"Proposed minimum metadata relative to mass spectrometry ,Sage Bionetworks",,Unspecified,,
hasAssayControl,"Boolean flag indicating whether or not a specimen is a technical or assay control. Examples include study pools or reference pools, blanks, or internal standards.","YesHasAssayControl,No",,,True,DataProperty,,Sage Bionetworks,,Unspecified,,
controlType,Control samples suitable for normalization and batch correction,"GIS,GoldenWest,NIST SRM 1950,AIBL pool,Baker pool,water plus Baker ISTD,study pool,internal standards,Other,Unknown,Not collected,Not applicable,Not Specified",,,False,DataProperty,,https://doi.org/10.1101/2020.05.19.105197https://doi.org/10.1038/sdata.2017.140https://www-s.nist.gov/srmors/view_detail.cfmsrm=1950Sage BionetworksDSLWG,,Unspecified,,
experiementalBatchSize,The number of samples ,,,,False,DataProperty,,Sage Bionetworks,regex search ([0-9]+\.[0-9]*.)|([0-9]+),Unspecified,,
experiementalBatchSizeUnit,The unit of measurement for number of samples in a experimental batch,"AFU,AI,AU/ml,DK units/ml,bpg/dl,g/l,gm,HAU,IU,iu/l,IU/ml,Kallikrein Inactivator Unit per Milliliter,kg,l,M,mg,mg/dl,mg/l,mg/ml,miu/ml,ml,mM,MOI,ng,ng/dl,ng/ml,ng/nl,ng/ul,nl,nM,Not Specified,NPX,optical density,PFU,PFUe,pg,pg/mg creatinine,pg/ml,pg/nl,pg/ul,pl,pM,Pound,TCID50,ug,ug/dl,ug/l,ug/ml,ug/ul,uiu/ml,ul,uM,umol/l,units/ml,OtherExperiementalBatchSizeUnit",,,False,DataProperty,,Sage Bionetworks,,Unspecified,,
batchSize,The number of samples,,,,False,DataProperty,,Sage Bionetworks,regex search ([0-9]+\.[0-9]*.)|([0-9]+),Unspecified,,
batchSizeUnit,The unit of measurement for number of samples in a batch,"AFU,AI,AU/ml,DK units/ml,bpg/dl,g/l,gm,HAU,IU,iu/l,IU/ml,Kallikrein Inactivator Unit per Milliliter,kg,l,M,mg,mg/dl,mg/l,mg/ml,miu/ml,ml,mM,MOI,ng,ng/dl,ng/ml,ng/nl,ng/ul,nl,nM,Not Specified,NPX,optical density,PFU,PFUe,pg,pg/mg creatinine,pg/ml,pg/nl,pg/ul,pl,pM,Pound,TCID50,ug,ug/dl,ug/l,ug/ml,ug/ul,uiu/ml,ul,uM,umol/l,units/ml,OtherBatchSizeUnit",,,False,DataProperty,,Sage Bionetworks,,Unspecified,,
protoemicsAssayType,Type of peptide quantification used (ex. Label Free),"Label Free,TMT,ITRAQ,SILAC,Targeted Absolute Quantitation,Other,Unknown,Not collected,Not applicable",,,True,DataProperty,,"DSLWG,Sage Bionetworks,https://www.ebi.ac.uk/ols/ontologies/pride/termsiri=http%3A%2F%2Fpurl.obolibrary.org%2Fobo%2FPRIDE_0000514&viewMode=All&siblings=false",,Unspecified,,
digestionMethod,"The type of digestion - in-solution, in-gel, etc. (ex. ""in-gel digestion"")","in-solution,in-gel,OtherDigestionMethod,Unknown,Not collected,Not applicable,",,,True,DataProperty,,"DSLWG,Sage Bionetworks",,Unspecified,,
fractionIdentifier,"Identifier string that describes the sample fraction. This identifier should contain the fraction number(s) or similar information. (It MUST start from 1; if the experiment is not fractionated, 1 MUST be used for each MSRun (assay).",,,,True,DataProperty,,"MS Ontology,Sage Bionetworks,The Proteomics Sample Metadata Project",regex search ([0-9]+\.[0-9]*.)|([0-9]+),Unspecified,,
modificationParameters,Modification parameters for the search engine run. [ PSI: PI http://www.w3.org/2002/07/owl#Axiom ],,,,True,DataProperty,,https://www.ebi.ac.uk/ols/ontologies/ms/termsiri=http%3A%2F%2Fpurl.obolibrary.org%2Fobo%2FMS_1001055,str,Unspecified,,
cleavageAgents,Name(s) of the enzyme used,,,,True,,,Proteomics Sample Metadata,str,Unspecified,,
fragmentMassTolerance,"Units of measure are Da or ppm (ex. ""0.6 Da"" or ""20 ppm"")",,,,True,DataProperty,,Proteomics Sample Metadata,,Unspecified,,
precursorMassTolerance,"Units of measure are Da or ppm (ex. ""0.6 Da"" or ""20 ppm"")",,,,True,DataProperty,,Proteomics Sample Metadata,,Unspecified,,
specimenType,Type of biological material comprising the Specimen,"blood,Plasma,Urine,Saliva,stool,Serum,tissue,swabs,Sputum,Cerebrospinal Fluid (CSF),organoid,Other,Unknown,Not collected,Not applicable",,,True,DataProperty,,"Sage Bionetworks,http://purl.obolibrary.org/obo/NCIT_C70713",,Unspecified,,
tissueVolume,The volume of the tissue sample. Measured in microliters.,"Unknown,Not collected,Not applicable",,,True,DataProperty,,Sage Bionetworks,regex search^\d*?\.?\d$|Unknown|Not collected|Not applicable,Unspecified,,
tissueWeight,The mass of the tissue specimen. Measured in mg.,"Unknown,Not collected,Not applicable",,,True,DataProperty,,Sage Bionetworks,regex search^\d*?\.?\d$|Unknown|Not collected|Not applicable,Unspecified,,
specimenSource,Indicate the biological area of the specimen,"Not applicable,Not collected,Other,Unknown,alveolar capillary type 1 endothelial cell,alveolar capillary type 2 endothelial cell,blood vessel endothelial cell,capillary endothelial cell,endometrial microvascular endothelial cell,endothelial cell of arteriole,endothelial cell of artery,endothelial cell of high endothelial venule,endothelial cell of sinusoid,endothelial cell of venule,glomerular capillary endothelial cell,kidney afferent arteriole endothelial cell,kidney capillary endothelial cell,kidney efferent arteriole endothelial cell,peritubular capillary endothelial cell,placental villus capillary endothelial cell,pulmonary capillary endothelial cell,vasa recta ascending limb cell,vasa recta cell,vasa recta descending limb cell,vein endothelial cell,vein endothelial cell of respiratory system",,,True,DataProperty,,https://www.ebi.ac.uk/ols4/ontologies/ccf/terms?iri=http%3A%2F%2Fpurl.obolibrary.org%2Fobo%2FUBERON_0004537&lang=en&viewMode=PreferredRoots&siblings=false,,Unspecified,,
nucleicAcidSource,"Specifies the type of nucleic acid (DNA, RNA, Pooled, etc.) found in a sample.","bulk cell,single cell,bulk nuclei,single nucleus,mitochondria,sorted cells,sorted nuclei,Other,Unknown,Not collected,Not applicable",,,True,DataProperty,,https://ncithesaurus.nci.nih.gov/ncitbrowser/ConceptReport.jspdictionary=NCI_Thesaurus&version=23.04d&ns=ncit&code=C171278&key=1146649015&b=1&n=1,,Unspecified,,
cellType,Indicate the cell type. ,"A2 amacrine cell,Astro L1 FGFR3 SERPINI2 primary motor cortex astrocyte (Hsap),Astro L1-6 FGFR3 AQP1 primary motor cortex astrocyte (Hsap),Astro L1-6 FGFR3 PLCG1 primary motor cortex astrocyte (Hsap),B cell,B cell zone reticular cell,B cell,CD19-positive,Bergmann glial cell,CD14-low,CD16-positive monocyte,CD14-positive monocyte,CD14-positive,CD16-low monocyte,CD141-positive myeloid dendritic cell,CD16-negative,CD56-bright natural killer cell,human,CD1c-positive myeloid dendritic cell,CD4-negative,CD8-negative,alpha-beta intraepithelial T cell,CD4-positive helper T cell,CD4-positive,alpha-beta T cell,CD4-positive,alpha-beta cytotoxic T cell,CD4-positive,alpha-beta intraepithelial T cell,CD4-positive,alpha-beta memory T cell,CD8-alpha alpha positive,gamma-delta intraepithelial T cell,CD8-alpha-alpha-positive,alpha-beta intraepithelial T cell,CD8-alpha-beta-positive,alpha-beta intraepithelial T cell,CD8-positive,alpha-beta T cell,CD8-positive,alpha-beta cytotoxic T cell,CD8-positive,alpha-beta memory T cell,CD8-positive,alpha-beta memory T cell,CD45RO-positive,CD8aa(I) thymocyte,CD8aa(II) thymocyte,CD8alpha-negative thymic conventional dendritic cell,CD8alpha-positive thymic conventional dendritic cell,CNS interneuron,Endo L2-5 NOSTRIN SRGN primary motor cortex endothelial cell (Hsap),Exc L2 LAMP5 KCNG3 primary motor cortex glutamatergic neuron (Hsap),Exc L2 LINC00507 ATP7B primary motor cortex glutamatergic neuron (Hsap),Exc L2 LINC00507 GLRA3 primary motor cortex glutamatergic neuron (Hsap),Exc L2-3 LINC00507 DSG3 primary motor cortex glutamatergic neuron (Hsap),Exc L2-3 RORB CCDC68 primary motor cortex glutamatergic neuron (Hsap),Exc L2-3 RORB PTPN3 primary motor cortex glutamatergic neuron (Hsap),Exc L2-3 RORB RTKN2 primary motor cortex glutamatergic neuron (Hsap),Exc L3 LAMP5 CARM1P1 primary motor cortex glutamatergic neuron (Hsap),Exc L3 RORB OTOGL primary motor cortex glutamatergic neuron (Hsap),Exc L3 THEMIS ENPEP primary motor cortex glutamatergic neuron (Hsap),Exc L3-5 FEZF2 ASGR2 primary motor cortex glutamatergic neuron (Hsap),Exc L3-5 FEZF2 LINC01107 primary motor cortex glutamatergic neuron (Hsap),Exc L3-5 RORB LAMA4 primary motor cortex glutamatergic neuron (Hsap),Exc L3-5 RORB LINC01202 primary motor cortex glutamatergic neuron (Hsap),Exc L3-5 RORB LNX2 primary motor cortex glutamatergic neuron (Hsap),Exc L3-5 RORB RPRM primary motor cortex glutamatergic neuron (Hsap),Exc L3-5 RORB TNNT2 primary motor cortex glutamatergic neuron (Hsap),Exc L5 FEZF2 CSN1S1 primary motor cortex glutamatergic neuron (Hsap),Exc L5 FEZF2 NREP-AS1 primary motor cortex glutamatergic neuron (Hsap),Exc L5 FEZF2 PKD2L1 primary motor cortex glutamatergic neuron (Hsap),Exc L5 FEZF2 RNF144A-AS1 primary motor cortex glutamatergic neuron (Hsap),Exc L5 RORB MED8 primary motor cortex glutamatergic neuron (Hsap),Exc L5 THEMIS FGF10 primary motor cortex glutamatergic neuron (Hsap),Exc L5 THEMIS LINC01116 primary motor cortex glutamatergic neuron (Hsap),Exc L5 THEMIS RGPD6 primary motor cortex glutamatergic neuron (Hsap),Exc L5 THEMIS SLC22A18 primary motor cortex glutamatergic neuron (Hsap),Exc L5 THEMIS VILL primary motor cortex glutamatergic neuron (Hsap),Exc L5-6 FEZF2 C9orf135-AS1 primary motor cortex glutamatergic neuron (Hsap),Exc L5-6 FEZF2 CFTR primary motor cortex glutamatergic neuron (Hsap),Exc L5-6 FEZF2 FILIP1L primary motor cortex glutamatergic neuron (Hsap),Exc L5-6 FEZF2 IFNG-AS1 primary motor cortex glutamatergic neuron (Hsap),Exc L5-6 FEZF2 LPO primary motor cortex glutamatergic neuron (Hsap),Exc L5-6 FEZF2 OR1L8 primary motor cortex glutamatergic neuron (Hsap),Exc L5-6 FEZF2 SH2D1B primary motor cortex glutamatergic neuron (Hsap),Exc L5-6 THEMIS SMYD1 primary motor cortex glutamatergic neuron (Hsap),Exc L5-6 THEMIS TNFAIP6 primary motor cortex glutamatergic neuron (Hsap),Exc L6 FEZF2 FFAR4 primary motor cortex glutamatergic neuron (Hsap),Exc L6 FEZF2 KLK7 primary motor cortex glutamatergic neuron (Hsap),Exc L6 FEZF2 PDYN primary motor cortex glutamatergic neuron (Hsap),Exc L6 FEZF2 POGK primary motor cortex glutamatergic neuron (Hsap),Exc L6 FEZF2 PROKR2 primary motor cortex glutamatergic neuron (Hsap),Exc L6 THEMIS LINC00343 primary motor cortex glutamatergic neuron (Hsap),Exc L6 THEMIS SLN primary motor cortex glutamatergic neuron (Hsap),Exc L6 THEMIS SNTG2 primary motor cortex glutamatergic neuron (Hsap),GABAergic interneuron,Hofbauer cell,Inh L1 LAMP5 BMP2 primary motor cortex GABAergic interneuron (Hsap),Inh L1 LAMP5 NMBR primary motor cortex GABAergic interneuron (Hsap),Inh L1 LAMP5 PVRL2 primary motor cortex GABAergic interneuron (Hsap),Inh L1 LAMP5 RAB11FIP1 primary motor cortex GABAergic interneuron (Hsap),Inh L1 PAX6 CHRFAM7A primary motor cortex GABAergic interneuron (Hsap),Inh L1 PAX6 MIR101-1 primary motor cortex GABAergic interneuron (Hsap),Inh L1 PVALB-like SST ASIC4 primary motor cortex GABAergic interneuron (Hsap),Inh L1 SST DEFB108B primary motor cortex GABAergic interneuron (Hsap),Inh L1 SST P4HA3 primary motor cortex GABAergic interneuron (Hsap),Inh L1 VIP KLHDC8B primary motor cortex GABAergic interneuron (Hsap),Inh L1-2 PVALB CDK20 primary motor cortex GABAergic interneuron (Hsap),Inh L1-2 SST CCNJL primary motor cortex GABAergic interneuron (Hsap),Inh L1-2 SST CLIC6 primary motor cortex GABAergic interneuron (Hsap),Inh L1-2 SST PRRT4 primary motor cortex GABAergic interneuron (Hsap),Inh L1-2 VIP EXPH5 primary motor cortex GABAergic interneuron (Hsap),Inh L1-2 VIP HTR3A primary motor cortex GABAergic interneuron (Hsap),Inh L1-2 VIP PTGER3 primary motor cortex GABAergic interneuron (Hsap),Inh L1-2 VIP SCML4 primary motor cortex GABAergic interneuron (Hsap),Inh L1-2 VIP WNT4 primary motor cortex GABAergic interneuron (Hsap),Inh L1-3 SST FAM20A primary motor cortex GABAergic interneuron (Hsap),Inh L1-3 VIP CBLN1 primary motor cortex GABAergic interneuron (Hsap),Inh L1-3 VIP CHRNA2 primary motor cortex GABAergic interneuron (Hsap),Inh L1-3 VIP FNDC1 primary motor cortex GABAergic interneuron (Hsap),Inh L1-3 VIP HSPB6 primary motor cortex GABAergic interneuron (Hsap),Inh L1-5 VIP CD27-AS1 primary motor cortex GABAergic interneuron (Hsap),Inh L1-5 VIP LINC01013 primary motor cortex GABAergic interneuron (Hsap),Inh L1-5 VIP PHLDB3 primary motor cortex GABAergic interneuron (Hsap),Inh L1-5 VIP SMOC1 primary motor cortex GABAergic interneuron (Hsap),Inh L1-6 LAMP5 AARD primary motor cortex GABAergic interneuron (Hsap),Inh L1-6 LAMP5 CA1 primary motor cortex GABAergic interneuron (Hsap),Inh L1-6 LAMP5 NES primary motor cortex GABAergic interneuron (Hsap),Inh L1-6 PVALB COL15A1 primary motor cortex GABAergic interneuron (Hsap),Inh L1-6 SST NPY primary motor cortex GABAergic interneuron (Hsap),Inh L1-6 VIP SLC7A6OS primary motor cortex GABAergic interneuron (Hsap),Inh L2 PAX6 FREM2 primary motor cortex GABAergic interneuron (Hsap),Inh L2 PVALB FRZB primary motor cortex GABAergic interneuron (Hsap),Inh L2 VIP SLC6A16 primary motor cortex GABAergic interneuron (Hsap),Inh L2-3 SST NMU primary motor cortex GABAergic interneuron (Hsap),Inh L2-5 PVALB HHIPL1 primary motor cortex GABAergic interneuron (Hsap),Inh L2-5 PVALB RPH3AL primary motor cortex GABAergic interneuron (Hsap),Inh L2-5 VIP BSPRY primary motor cortex GABAergic interneuron (Hsap),Inh L2-5 VIP SOX11 primary motor cortex GABAergic interneuron (Hsap),Inh L3 PVALB SAMD13 primary motor cortex GABAergic interneuron (Hsap),Inh L3-5 PVALB ISG20 primary motor cortex GABAergic interneuron (Hsap),Inh L3-5 SST CDH3 primary motor cortex GABAergic interneuron (Hsap),Inh L3-5 SST GGTLC3 primary motor cortex GABAergic interneuron (Hsap),Inh L3-5 SST OR5AH1P primary motor cortex GABAergic interneuron (Hsap),Inh L3-5 VIP HS3ST3A1 primary motor cortex GABAergic interneuron (Hsap),Inh L3-5 VIP IGDCC3 primary motor cortex GABAergic interneuron (Hsap),Inh L3-5 VIP TAC3 primary motor cortex GABAergic interneuron (Hsap),Inh L3-6 PAX6 LINC01497 primary motor cortex GABAergic interneuron (Hsap),Inh L3-6 VIP UG0898H09 primary motor cortex GABAergic interneuron (Hsap),Inh L3-6 VIP ZIM2-AS1 primary motor cortex GABAergic interneuron (Hsap),Inh L5 PVALB LRIG3 primary motor cortex GABAergic interneuron (Hsap),Inh L5 SST RPL35AP11 primary motor cortex GABAergic interneuron (Hsap),Inh L5-6 LAMP5 CRABP1 primary motor cortex GABAergic interneuron (Hsap),Inh L5-6 PVALB FAM150B primary motor cortex GABAergic interneuron (Hsap),Inh L5-6 PVALB GAPDHP60 primary motor cortex GABAergic interneuron (Hsap),Inh L5-6 PVALB KCNIP2 primary motor cortex GABAergic interneuron (Hsap),Inh L5-6 PVALB MEPE primary motor cortex GABAergic interneuron (Hsap),Inh L5-6 PVALB SST CRHR2 primary motor cortex GABAergic interneuron (Hsap),Inh L5-6 PVALB ZFPM2-AS1 primary motor cortex GABAergic interneuron (Hsap),Inh L5-6 SST BEAN1 primary motor cortex GABAergic interneuron (Hsap),Inh L5-6 SST C4orf26 primary motor cortex GABAergic interneuron (Hsap),Inh L5-6 SST DNAJC14 primary motor cortex GABAergic interneuron (Hsap),Inh L5-6 SST FBN2 primary motor cortex GABAergic interneuron (Hsap),Inh L5-6 SST ISX primary motor cortex GABAergic interneuron (Hsap),Inh L5-6 SST KLHL1 primary motor cortex GABAergic interneuron (Hsap),Inh L5-6 SST PAWR primary motor cortex GABAergic interneuron (Hsap),Inh L5-6 SST PIK3CD primary motor cortex GABAergic interneuron (Hsap),Inh L5-6 VIP COL4A3 primary motor cortex GABAergic interneuron (Hsap),Inh L6 SST TH primary motor cortex GABAergic interneuron (Hsap),Kupffer cell,Langerhans cell,M cell of gut,Merkel cell,Micro L1-6 TYROBP CD74 primary motor cortex microglial cell (Hsap),Mueller cell,Not applicable,Not collected,OFF-bipolar cell,ON-bipolar cell,ON-blue cone bipolar cell,OPC L1-6 PDGFRA COL20A1 primary motor cortex oligodendrocyte precursor cell (Hsap),Oligo L2-6 OPALIN FTH1P3 primary motor cortex oligodendrocyte precursor cell (Hsap),Oligo L2-6 OPALIN MAP6D1 primary motor cortex oligodendrocyte precursor cell (Hsap),Oligo L3-6 OPALIN-like ENPP6 primary motor cortex oligodendrocyte precursor cell (Hsap),Oligo L5-6 OPALIN LDLRAP1 primary motor cortex oligodendrocyte (Hsap),Other,Purkinje myocyte,Schwann cell,T cell,T cell zone reticular cell,T follicular helper cell,T follicular regulatory cell,T-helper 1 cell,T-helper 17 cell,T-helper 2 cell,Unknown,VLMC L1-5 PDGFRA COLEC12 primary motor cortex vascular leptomeningeal cell (Hsap),a8 bistratified small-field cell,absorptive cell,activated stellate cell,adult endothelial progenitor cell,adventitial stromal cell,afferent neuron,airway deuterosomal cell,airway submucosal gland ciliated duct cell,airway submucosal gland ciliated duct cells,airway submucosal gland collecting duct epithelial cell,airway submucosal gland duct basal cell,alpha-beta T cell,alpha-beta intraepithelial T cell,alveolar capillary type 1 endothelial cell,alveolar capillary type 2 endothelial cell,alveolar macrophage,alveolar macrophage ccl3+,alveolar macrophage mt-positive,alveolar macrophage proliferating,alveolar type 1 fibroblast cell,alveolar type 2 fibroblast cell,amacrine cell,amex_153,amex_154,amex_155,amex_156,amex_157,amex_158,amex_159,amex_160,amex_161,amex_162,amex_171,amex_172,amex_173,amex_174,amex_175,amex_405,amex_406,amex_407,amex_408,amex_419,amnion mesenchymal stromal cell (amsc),amygdala excitatory neuron,androgen secreting cell,animal cell,apocrine cell,articular chondrocyte,astro_52,astro_53,astro_54,astro_55,astro_56,astro_57,astro_58,astro_59,astro_60,astro_61,astro_62,astro_63,astro_64,astrocyte,astrocyte of the cerebral cortex,astrocyte of the forebrain,autonomic neuronal cells,b cell,basal cell,basal cell of bladder urothelium,basal cell of epithelium of lobular bronchiole,basal cell of epithelium of respiratory bronchiole,basal cell of epithelium of terminal bronchiole,basal cell of epithelium of trachea,basal cell of prostate epithelium,basal cell of prostatic urethra,basal cell of ureter urothelium,basal epithelial cell of tracheobronchial tree,basophil,bcell_0,bche (butyrylcholinesterase) cell,beige adipocyte,bgl_51,bladder cell,bladder microvascular endothelial cell,bladder urothelial cell,blood vessel endothelial cell,blood vessel smooth muscle cell,bone cell,bone lining cells,brain vascular cell,branched duct epithelial cell,bronchial smooth muscle cell,bronchiolar smooth muscle cell,brush cell,brush cell of bronchus,brush cell of epithelium of lobar bronchus,brush cell of trachea,ca13_119,ca13_163,ca13_169,ca13_179,ca13_180,ca13_181,ca13_182,ca13_183,ca13_184,ca13_185,ca13_186,ca13_187,ca13_188,ca13_189,ca4_190,ca4_191,ca4_192,ca4_193,ca4_194,ca4_195,ca4_196,ca4_197,ca4_198,camera-type eye photoreceptor cell,capillary endothelial cell,capsule mesenchymal stromal cell,cardiac atrium fibroblast,cardiac endothelial cell,cardiac muscle cell,cardiac pacemaker cell of sinoatrial node,cardiac ventricle fibroblast,catecholaminergic neuron,caudal ganglionic eminence derived interneuron,cbi_298,cbi_299,cbi_300,cbi_301,cbi_302,cbi_303,cbi_304,cbi_305,cbi_306,cbi_307,cd4+ t,cd4+ t cell resident memory,cd4+ t-cell,cd8 t cell effector memory,cd8 trm (residence memory),cd8+ t,cd8+ t cell resident memory,cd8+ t-cells,cell of skeletal muscle,cell type (from CL),cell type (from LMHA),centrilobular region hepatocyte,centroblast,centrocyte,cerebellar inhibitory GABAergic interneuron,cerebral cortex neuron,cge_276,cge_277,cge_278,cge_279,cge_280,cge_281,cge_282,cge_283,cge_284,cge_285,cge_286,cge_287,cge_288,cge_289,cge_290,cge_291,cge_292,cge_293,cge_294,cge_295,cge_296,chondrocyte,chorionic mesenchymal stromal cell (cmsc),choroid plexus cell,chrp_76,chrp_77,chrp_78,chrp_79,chrp_80,chrp_81,chrp_82,ciliated cell,ciliated cell of the bronchus,ciliated columnar cell of tracheobronchial tree,ciliated epithelial cell,class switched memory B cell,classical monocyte,club cell,club cell of prostatic urethra,columnar chondrocyte,columnar ovarian surface epithelial cell,columnar/cuboidal epithelial cell,committed double negative thymocyte (Homo sapiens),common lymphoid progenitor,common myeloid progenitor,connective tissue cell,connective tissue type mast cell,contractile cell,conventional dendritic cell,cop_37,cop_38,cop_39,cop_41,cop_42,cop_43,cop_75,corneal endothelial cell,corneal epithelial cell,corneocyte,corpus luteum endothelial cell,corpus luteum macrophage,cortical thymic epithelial cell,corticomedullary thymic epithelial cell,cumulus cell,cytotoxic T cell,cytotoxic memory t cell,dec205+ dc,deep superficial,dendritic cell,dendritic cell,human,dentate gyrus neuron,dermal dendritic cell,detrusor smooth muscle cell of bladder,detrusor smooth muscle cell of ureter,dg_199,dg_200,dg_201,dg_202,dg_203,dg_204,dg_205,differentiation-committed oligodendrocyte precursor,diffuse bipolar 1 cell,diffuse bipolar 2 cell,diffuse bipolar 3a cell,diffuse bipolar 3b cell,diffuse bipolar 4 cell,diffuse bipolar 6 cell,dlct6b_100,dlct6b_101,dlct6b_102,dlct6b_103,dlct6b_104,dlct6b_105,dlct6b_106,dlct6b_107,dlct6b_108,dlct6b_109,dlct6b_110,dlct6b_111,dlct6b_112,dlct6b_84,dlct6b_97,dlct6b_98,dlct6b_99,dlit_136,dlit_137,dlit_139,dlit_140,dlit_141,dlit_142,dlit_143,dlit_144,dlit_145,dlit_146,dlit_147,dlit_148,dlit_149,dlit_150,dlit_151,dlit_152,dlnp_83,dlnp_85,dlnp_86,dlnp_87,dlnp_88,dlnp_89,dlnp_90,dlnp_91,dlnp_92,dlnp_93,dlnp_94,dlnp_95,dlnp_96,double negative thymocyte,double-positive,alpha-beta thymocyte,dpt+ fibroblast cell of bladder,dpt+ fibroblast cell of ureter,duodenal goblet cell,early T lineage precursor,eccrine cell,ecto-epithelial cell,effector CD8-positive,alpha-beta T cell,effector memory CD4-positive,alpha-beta T cell,effector memory CD4-positive,alpha-beta T cell,terminally differentiated,effector memory CD45RA-positive,alpha-beta T cell,terminally differentiated,effector memory CD8-positive,alpha-beta T cell,effector memory CD8-positive,alpha-beta T cell,terminally differentiated,electrically active cell,electrically responsive cell,emsn_222,emsn_223,emsn_224,emsn_225,emsn_226,emsn_227,emsn_228,emsn_229,emsn_230,emsn_231,emsn_232,emsn_233,emsn_234,emsn_426,endo-epithelial cell,endocardial cell,endocervical epithelial cell,endocrine cell,endocrine-paracrine cell of prostate gland,endometrial epithelial cell,endometrial microvascular endothelial cell,endothelial cell,endothelial cell of arteriole,endothelial cell of artery,endothelial cell of bladder,endothelial cell of hepatic sinusoid,endothelial cell of high endothelial venule,endothelial cell of lymphatic vessel,endothelial cell of respiratory system lymphatic vessel,endothelial cell of sinusoid,endothelial cell of ureter,endothelial cell of vascular tree,endothelial cell of venule,enterocyte,enterocyte of epithelium of large intestine,enteroendocrine cell,eomes low liver nk cell,eosinophil,epen_65,epen_66,epen_67,epen_68,epen_69,epen_70,epen_71,epen_72,epen_73,epen_74,ependymal cell,epicardial adipocyte,epidermal Langerhans cell,epithelial cell,epithelial cell of amnion,epithelial cell of distal tubule,epithelial cell of early distal convoluted tubule,epithelial cell of exocrine pancreas,epithelial cell of large intestine,epithelial cell of late distal convoluted tubule,epithelial cell of pancreas,epithelial cell of prostate,epithelial cell of proximal tubule,epithelial cell of proximal tubule segment 1,epithelial cell of proximal tubule segment 2,epithelial cell of proximal tubule segment 3,epithelial cell of thymus,epithelial cell of tracheobronchial tree,epithelial fate stem cell,epithelial stem cells,erythrocyte,erythroid lineage cell,extracellular matrix secreting cell,extratelencephalic-projecting glutamatergic cortical neuron,extravillous trophoblast,eye photoreceptor cell,fat cell,fbl_24,fbl_25,fbl_26,fbl_27,fbl_28,fbl_29,fbl_30,fbl_31,fibroblast,fibroblast of pulmonary artery,fibroblast-mesenchymal cell,fibrocyte of adventitia of ureter,flat epithelial cells,flat midget bipolar cell,flattened cuboidal ovarian surface epithelial cell,follicular dendritic cell,gamma-delta T cell,ganglion,gastrin secreting cell,germinal center B cell,glandular epithelial cell,glial cell,glomerular capillary endothelial cell,glomerular mesangial cell,glutamatergic neuron,glutamic acid decarboxylase 65 cell,glycinergic amacrine cell,goblet cell,goblet cell of epithelium of lobar bronchus,granulocyte,granulocyte monocyte progenitor cell,granulocytopoietic cell,group 1 innate lymphoid cell,group 2 innate lymphoid cell,group 3 innate lymphoid cell,group 3 innate lymphoid cell,human,hematopoietic cell,hematopoietic lineage restricted progenitor cell,hematopoietic multipotent progenitor cell,hematopoietic oligopotent progenitor cell,hematopoietic precursor cell,hematopoietic stem cell,hepatic oval stem cell,hepatic pit cell,hepatic progenitor cell,hepatic stellate cell,hepatocyte,hillock cell of prostatic urethra,hilus cell of ovary,hippocampal CA1-3 neuron,hippocampal CA4 neuron,hippocampal astrocyte,hypertrophic chondrocyte,ileal goblet cell,immature B cell,immature NK T cell,immature NK T cell stage IV,immature alpha-beta T cell,immature conventional dendritic cell,immature eosinophil,immature natural killer cell,immature neutrophil,immune cell,innate lymphoid cell,intercalary cell,interdigitating dendritic cells,intermediate cell of bladder urothelium,intermediate cell of ureter urothelium,interneuron,interstitial cell of Cajal,interstitial fibroblast,interstitial macrophage,intestinal crypt stem cell of large intestine,intestinal epithelial cell,intestinal tuft cell,intratelencephalic-projecting glutamatergic cortical neuron,invaginating midget bipolar cell,iris pigment epithelial cell,jejunal goblet cell,keratin accumulating cell,keratinocyte,keratinocyte (onychocyte),keratinocyte stem cell,keratocyte,kidney afferent arteriole endothelial cell,kidney arterial blood vessel cell,kidney blood vessel cell,kidney capillary endothelial cell,kidney cell,kidney collecting duct alpha-intercalated cell,kidney collecting duct epithelial cell,kidney collecting duct intercalated cell,kidney collecting duct principal cell,kidney connecting tubule alpha-intercalated cell,kidney connecting tubule beta-intercalated cell,kidney connecting tubule epithelial cell,kidney connecting tubule intercalated cell,kidney connecting tubule principal cell,kidney corpuscule cell,kidney cortex collecting duct epithelial cell,kidney cortex collecting duct intercalated cell,kidney cortex collecting duct principal cell,kidney cortex tubule cell,kidney cortical cell,kidney distal convoluted tubule epithelial cell,kidney efferent arteriole endothelial cell,kidney epithelial cell,kidney granular cell,kidney inner medulla collecting duct principal cell,kidney interstitial alternatively activated macrophage,kidney interstitial cell,kidney interstitial fibroblast,kidney interstitial myofibroblast,kidney loop of Henle ascending limb epithelial cell,kidney loop of Henle cortical thick ascending limb epithelial cell,kidney loop of Henle epithelial cell,kidney loop of Henle long descending thin limb inner medulla epithelial cell,kidney loop of Henle long descending thin limb outer medulla epithelial cell,kidney loop of Henle medullary thick ascending limb epithelial cell,kidney loop of Henle short descending thin limb epithelial cell,kidney loop of Henle thick ascending limb epithelial cell,kidney loop of Henle thin ascending limb epithelial cell,kidney loop of Henle thin descending limb epithelial cell,kidney medulla cell,kidney outer medulla cell,kidney outer medulla collecting duct epithelial cell,kidney outer medulla collecting duct intercalated cell,kidney outer medulla collecting duct principal cell,l5et_113,l5et_114,l5et_115,l5et_117,l5et_118,langerhans cell,large intestine crypt goblet cell,lens epithelial cell,lens fiber cell,leukocyte,limbal stem cells,lining cell,lipofibroblast cell of bladder,lipofibroblast cell of ureter,llc_264,llc_265,llc_266,llc_267,llc_268,llc_269,llc_270,llc_271,llc_272,llc_273,llc_274,llc_275,low columnar epithelial cell,lower rhombic lip neuron,lrl_315,lrl_316,lrl_317,lrl_318,lrl_319,lrl_320,lrl_321,lrl_322,luminal cell of prostate epithelium,luminal epithelial cell,lung ciliated cell,lung megakaryocyte,lung neuroendocrine cell,lung parenchyma resident eosinophil,lung perichondrial fibroblast,lung pericyte,lung resident memory CD4-positive,alpha-beta T cell,lung resident memory CD8-positive,alpha-beta T cell,luteal cell,lymph node fibroblastic reticular cell,lymph node macrophage,lymph node marginal reticular cell,lymph node subcapsular sinus macrophage,lymph node tingible body macrophage,lymphatic,lymphatic endothelial cell of medulla ceiling,lymphatic endothelial cell of subcapsular sinus ceiling,lymphatic endothelial cell of subcapsular sinus floor,lymphatic endothelial cell of trabecula,lymphatic vessel smooth muscle cell,lymphatics,lympho-myeloid progenitor cell (lmpp),lymphocyte,lymphocyte of B lineage,lymphocyte of large intestine lamina propria,m1-like macrophage,m2-like macrophage,macroglial cell,macrophage,macula densa epithelial cell,mammillary body neuron,mantle zone b cell,marginal zone B cell of spleen,marrow adipocytes,mast cell,mature B cell,mature CD4 single-positive thymocyte,mature CD8 single-positive thymocyte,mature NK T cell,mature T cell,mature alpha-beta T cell,mature cd8 t cell,mature conventional dendritic cell,mature eosinophil,mature natural killer cell,mature neutrophil,medial ganglionic eminence derived interneuron,medium field retinal amacrine cell,medium spiny neuron,medullary reticular cell,medullary thymic epithelial cell,medullary thymic epithelial cell type 1,medullary thymic epithelial cell type 2,medullary thymic epithelial cell type 3,medullary thymic epithelial cell type 4,megakaryocyte,megakaryocyte progenitor cell,megakaryocyte-erythroid progenitor cell,melanocyte,melanocyte of skin,memory B cell,mesenchymal stem cell of Wharton's jelly,meso-epithelial cell,mesothelial cell,mesothelial cell of visceral peritoneum,mesothelial cell of visceral pleura,mge_236,mge_239,mge_240,mge_241,mge_242,mge_243,mge_244,mge_245,mge_246,mge_247,mge_248,mge_249,mge_250,mge_251,mge_252,mge_253,mge_254,mge_255,mge_256,mge_257,mge_258,mge_259,mge_260,mge_261,mge_262,mge_263,mgl_10,mgl_11,mgl_12,mgl_4,mgl_5,mgl_6,mgl_7,mgl_8,mgl_9,microglial cell,microvascular endothelial cell,midbrain-derived inhibitory neuron,midget ganglion cell of retina,midi_433,midi_434,midi_435,midi_436,midi_437,midi_438,midi_439,midi_440,midi_441,midi_442,midi_443,midi_444,midzonal region hepatocyte,migratory dendritic cell,misc_116,misc_132,misc_164,misc_165,misc_166,misc_167,misc_168,misc_170,misc_176,misc_177,misc_178,misc_314,misc_401,misc_404,mmb_323,mmb_324,mmb_325,mmb_326,mmb_327,mmb_328,mmb_329,mmb_330,mmb_331,mmb_332,mmb_333,mono_3,monocyte,monocyte derived cell,monocyte-derived dendritic cell,monocytoid B cell,mononuclear cytotrophoblast cell,mononuclear osteoclast,motor neuron,msn_206,msn_207,msn_208,msn_209,msn_210,msn_211,msn_212,msn_213,msn_214,msn_215,msn_216,msn_217,msn_218,msn_219,msn_220,msn_221,msn_427,msn_430,mucosal invariant T cell,mucosal type mast cell,mucus secreting cell of bronchus submucosal gland,mucus secreting cell of trachea gland,multinuclear osteoclast,mural cell,muscle,muscle cell,myelocyte,myeloid cell,myeloid dendritic cell,myeloid leukocyte,myeloid lineage restricted progenitor cell,myeloid progenitor (mop),myo-medullary thymic epithelial cell,myoepithelial cell of bronchus submucosal gland,myoepithelial cell of sweat gland,myoepithelial cell of trachea gland,myofibroblast cell,myofibroblast cell of bladder,myofibroblast cell of ureter,naive B cell,naive regulatory T cell,naive thymus-derived CD4-positive,alpha-beta T cell,naive thymus-derived CD8-positive,alpha-beta T cell,native cell,natural killer cell,near-projecting glutamatergic cortical neuron,nephron tubule epithelial cell,nerve,nerves,neural cell,neurecto-epithelial cell,neuro-medullary thymic epithelial cell,neuroendocrine cell,neuroendocrine cell of epithelium of lobar bronchus,neuron,neuron associated cell,neuron associated cell (sensu Vertebrata),neuron of the forebrain,neutrophil,nkcell_2,non-classical monocyte,non-pigmented ciliary epithelial cell,non-terminally differentiated cell,nonmucinous cuboidal epithelial cell,oligo_40,oligo_44,oligo_45,oligo_46,oligo_47,oligo_48,oligo_49,oligo_50,oligodendrocyte,oligodendrocyte precursor cell,opc_32,opc_33,opc_34,opc_35,opc_36,osteoblast,osteoclast,osteocyte,pancreas exocrine glandular cell,pancreatic A cell,pancreatic D cell,pancreatic PP cell,pancreatic acinar cell,pancreatic centro-acinar cell,pancreatic ductal cell,pancreatic endocrine cell,pancreatic epsilon cell,pancreatic goblet cell,pancreatic stellate cell,paneth cell of colon,paneth cell of epithelium proper of small intestine,papillary tips cell,parasol ganglion cell of retina,parietal epithelial cell,peptide hormone secreting cell,per_21,per_22,per_23,perichondrial fibroblast,pericryptal fibroblastic sheath,pericyte,pericyte cell of bladder,pericyte cell of ureter,periepithelial fibroblast,perineural cell,perineurial cell,perineurial cells,periportal region hepatocyte,peritubular capillary endothelial cell,perivascular cells,perivascular support cell,photoreceptor cell,pi16+ fibroblast cell of bladder,pi16+ fibroblast cell of ureter,pigment cell,pigmented ciliary epithelial cell,placental stromal cell (psc),placental villus capillary endothelial cell,plasma cell,plasmablast,plasmacytoid dendritic cell,plasmacytoid dendritic cell,human,platelet,pneumocyte,podocyte,polyaxonal amacrine cell,portal fibroblast,pre-antral follicle granulosa cell,precursor B cell,prehypertrophic chondrocytes,preosteoblast,preosteoclasts,prickle cell,primary lens fiber,primary oocyte,pro-B cell,promonocyte,promyelocyte,prostate gland microvascular endothelial cell,prostate perictye,pulmonary artery endothelial cell,pulmonary capillary endothelial cell,pulmonary interstitial fibroblast,pulmonary ionocyte,quiescent stellate cell,rearranging double negative thymocyte (Homo sapiens),regulatory T cell,regulatory cd4+ t,renal alpha-intercalated cell,renal beta-intercalated cell,renal cortical epithelial cell,renal intercalated cell,renal interstitial pericyte,renal medullary fibroblast,renal principal cell,residual hypertrophic chondrocytes,respiratory basal cell,respiratory ciliated cell,respiratory epithelial cell,respiratory suprabasal cell,reticular cell,reticular cell of splenic cord,reticular cell of splenic sinusoid,retina horizontal cell,retinal bipolar neuron,retinal blood vessel endothelial cell,retinal cell,retinal cone cell,retinal ganglion cell,retinal pigment epithelial cell,retinal rod cell,rod bipolar cell,rounded chondrocytes,sebum secreting cell,secondary crest myofibroblast,secondary lens fiber,secretory cell,secretory epithelial cell,semilunar cell,semilunar type 1 cell,semilunar type 3 cell,seromucus secreting cell,serous cell of epithelium of bronchus,serous cell of epithelium of trachea,serous secreting cell of bronchus submucosal gland,simple columnar epithelial cell,sinusoidal cells,skin fibroblast,smooth muscle cell,smooth muscle cell of bladder,smooth muscle cell of large intestine,smooth muscle cell of prostate,smooth muscle cell of the coronary artery,smooth muscle cell of the pulmonary artery,somatic cell,sox9+ epithelial cell,specialized cardiac myocyte,specified double negative thymocyte (Homo sapiens),splat_235,splat_237,splat_238,splat_313,splat_334,splat_335,splat_336,splat_337,splat_338,splat_339,splat_340,splat_341,splat_342,splat_343,splat_344,splat_345,splat_346,splat_347,splat_348,splat_349,splat_350,splat_351,splat_352,splat_353,splat_354,splat_355,splat_356,splat_357,splat_358,splat_359,splat_360,splat_361,splat_362,splat_363,splat_364,splat_365,splat_366,splat_367,splat_368,splat_369,splat_370,splat_371,splat_373,splat_374,splat_375,splat_376,splat_377,splat_378,splat_379,splat_380,splat_381,splat_382,splat_383,splat_384,splat_385,splat_386,splat_387,splat_388,splat_389,splat_390,splat_391,splat_392,splat_393,splat_394,splat_395,splat_396,splat_397,splat_398,splat_399,splat_400,splat_402,splat_403,splat_409,splat_410,splat_411,splat_412,splat_413,splat_414,splat_415,splat_416,splat_417,splat_418,splat_420,splat_421,splat_422,splat_423,splat_424,splat_425,splat_428,splat_429,splat_431,splat_432,splenic endothelial cell,splenic littoral cell,splenic macrophage,splenic marginal zone macrophage,splenic pericyte,splenic perifollicular zone macrophage,splenic red pulp macrophage,splenic red pulp stromal cell,splenic smooth muscle cell,splenic stromal sheath cell,splenic tingible body macrophage,splenic white pulp macrophage,squamous epithelial cell,starburst amacrine cell,stem cell,stratified cuboidal epithelial cell,stratified squamous epithelial cell,stroma type i cell,stroma type ii cell,stroma type iii cell,stroma type iv cell,stroma type v cell,stromal cell,stromal cell of endometrium,stromal cell of ovary,stromal cell of pancreas,stuff accumulating cell,subcapsular dendritic cell,subcapsular thymic epithelial cell,subcutaneous fat cell,subepithelial membrane,superficial cell of bladder urothelium,superficial cell of ureter urothelium,sympathetic neuron,sympathetic noradrenergic neuron,syncytiotrophoblast cell,t cell,tall columnar epithelial cell,tbet low liver nk cell,tcell_1,telocyte,thalamic excitatory neuron,theca cell,thex_372,thex_445,thex_446,thex_447,thex_448,thex_449,thex_450,thex_451,thex_452,thex_453,thex_454,thex_455,thex_456,thex_457,thex_458,thex_459,thex_460,thymic conventional dendritic cell,thymic cortical macrophage,thymic fibroblast type 1,thymic fibroblast type 2,thymic macrophage,thymic medullary macrophage,thymic plasmacytoid dendritic cell,thymocyte,tonsil squamous cell,tracheal goblet cell,tracheobronchial chondrocyte,tracheobronchial goblet cell,tracheobronchial smooth muscle cell,transit amplifying cell of colon,transitional epithelial cell,transitional principal-intercalated cell,transitional stage B cell,trophoblast cell,tuft cell of small intestine,type B pancreatic cell,type EC enteroendocrine cell,type I NK T cell,type I cell of carotid body,type I pneumocyte,type II pneumocyte,ulit_120,ulit_121,ulit_122,ulit_123,ulit_124,ulit_125,ulit_126,ulit_127,ulit_128,ulit_129,ulit_130,ulit_131,ulit_133,ulit_134,ulit_135,ulit_138,unswitched memory B cell,upper rhombic lip neuron,ureter adventitial cell,url_297,url_308,url_309,url_310,url_311,url_312,uterine dendritic cells,uterine macrophage,uterine natural killer cell,uterine nk cell,uterine smooth muscle type i cell,uterine smooth muscle type ii cell,valve interstitial cell,vasa recta ascending limb cell,vasa recta cell,vasa recta descending limb cell,vascular associated smooth muscle cell,vascular endothelial cell",,,,,,,,Unspecified,,
fastingState,Was individual fasting when the sample was taken (true/false),"TRUE,FALSE,Other,Uknown,Not collected,Not applicable",,,True,DataProperty,,Sage Bionetworks,,Unspecified,,
isPostMortem,Was the sample taken after death (true/false),"TRUE,FALSE,Other,Uknown,Not collected,Not applicable",,,True,DataProperty,,Sage Bionetworks,,Unspecified,,
specimenIdSource,"The repository or database to which a specimenID maps; or, the group or lab that generated the specimen. For cell culture studies, the commercial source or lab that generated the cells.",,,,False,DataProperty,,Sage Bionetworks,,Unspecified,,
dataGenerationSite,The place where data from a particular specimen was generated.,,,,False,DataProperty,,Sage Bionetworks,,Unspecified,,
parentSpecimenID,"Unique identifier for the direct Parent from which the Specimen was derived, processed, pooled, etc. (if applicable)",,,,False,DataProperty,,Sage Bionetworks,,Unspecified,,
parentSpecimenType,Type of biological material comprising the Parent Specimen (if applicable),,,,False,DataProperty,,Sage Bionetworks,,Unspecified,,
laboratoryProcedure,Procedure by which the Specimen was derived from Parent Specimen (if applicable),,,,False,DataProperty,,Sage Bionetworks,,Unspecified,,
YesUseReagent,"One or more identifiers, separated by a semicolon (;). The reagent identifier(s) must be stored in a data dictionary .csv file uploaded to Synapse",,reagentID(s),,False,ValidValue,,"ImmPort,Sage Bionetworks",,Unspecified,,
YesUseTreatment,"One or more identifiers, separated by a semicolon (;). The treatment identifier(s) must be stored in a data dictionary .csv file uploaded to Synapse",,treatmentID(s),,False,ValidValue,,"ImmPort,Sage Bionetworks",,Unspecified,,
TargetedMsTarget,the type of biospecimen subjected to analysis,"Protein,metabolite,Lipid,Other,Unknown,Not collected,Not applicable,Not Specified",msAnalyteType,,False,ValidValue,,http://purl.obolibrary.org/obo/NCIT_C156434,,Unspecified,,
YesHasIonizationSource,Ion charge state (positive or negative-ion analysis),"Positive,Negative",ionProperty,,False,ValidValue,,"Proposed minimum metadata relative to mass spectrometry ,Sage Bionetworks",,Unspecified,,
YesHasAssayControl,Control samples suitable for normalization and batch correction,"GIS,GoldenWest,NIST SRM 1950,AIBL pool,Baker pool,water plus Baker ISTD,study pool,internal standards,Other,Unknown,Not collected,Not applicable,Not Specified",controlType,,False,ValidValue,,https://doi.org/10.1101/2020.05.19.105197https://doi.org/10.1038/sdata.2017.140https://www-s.nist.gov/srmors/view_detail.cfmsrm=1950Sage BionetworksDSLWG,,Unspecified,,
Hispanic or latino,"A coded value specifying the self-declared ethnic origination independent of racial origination, provided by the data contributor's data dictionary",,ethnicGroupCode,,False,ValidValue,,https://ncithesaurus.nci.nih.gov/ncitbrowser/pages/concept_details.jsfdictionary=NCI_Thesaurus&version=23.04d&code=C93563&ns=ncit&type=properties&key=1040179992&b=1&n=0&vse=null,,Unspecified,,
TRUE,Indicate the disease or condition.,,,,False,ValidValue,,LLFS data dictionary,,Unspecified,,
CaptiveCaptivityStatus,"The duration of captivity in months for the individuals in captivity (formatted in months, ex. 72 months). note: Applicable only to animals with captivity status captive.","Unknown,Not collected,Not applicable",captivityDuration,,False,ValidValue,,"-The%20duration%20of,captivity%20duration,https://www.animalaudiograms.org/audiogram_metadata_scheme#:~:text=species%20are%20possible.-",,Unspecified,,
Aging,,,,,False,ValidValue,,,,Unspecified,,
Baker pool,,,,,False,ValidValue,,,,Unspecified,,
Cardiovascular Health Study (CHS),,,,,False,ValidValue,,,,Unspecified,,
Denmark Family,,,,,False,ValidValue,,,,Unspecified,,
FALSE,,,,,False,ValidValue,,,,Unspecified,,
MAXO codes or labels (not listed for purposes of this RFC),,,,,False,ValidValue,,,,Unspecified,,
MONDO,,,,,False,ValidValue,,,,Unspecified,,
Prefer not to answer,,,,,False,ValidValue,,,,Unspecified,,
Study of Osteoporotic Fractures (SOF),,,,,False,ValidValue,,,,Unspecified,,
The Health,,,,,False,ValidValue,,,,Unspecified,,
The Osteoporotic Fractures in Men (MrOS) Study,,,,,False,ValidValue,,,,Unspecified,,
US Family,,,,,False,ValidValue,,,,Unspecified,,
Unknown,,,,,False,ValidValue,,,,Unspecified,,
and Body Composition Study (HealthABC),,,,,False,ValidValue,,,,Unspecified,,
pairedEnd,,,,,False,ValidValue,,,,Unspecified,,
water plus Baker ISTD,,,,,False,ValidValue,,,,Unspecified,,
10x,,,,,False,ValidValue,,,,Unspecified,,
AFU,,,,,False,ValidValue,,,,Unspecified,,
AI,,,,,False,ValidValue,,,,Unspecified,,
AIBL pool,,,,,False,ValidValue,,,,Unspecified,,
Accel-NGS 2S Plus,,,,,False,ValidValue,,,,Unspecified,,
Accel-NGS Methyl-Seq,,,,,False,ValidValue,,,,Unspecified,,
Adult,,,,,False,ValidValue,,,,Unspecified,,
Agilent 44Karray,,,,,False,ValidValue,,,,Unspecified,,
American Indian or Alaska Native,,,,,False,ValidValue,,,,Unspecified,,
Appendix,,,,,False,ValidValue,,,,Unspecified,,
ArrayExpress,,,,,False,ValidValue,,,,Unspecified,,
BGISEQ-500,,,,,False,ValidValue,,,,Unspecified,,
BU,,,,,False,ValidValue,,,,Unspecified,,
Bionano Irys,,,,,False,ValidValue,,,,Unspecified,,
Bone,,,,,False,ValidValue,,,,Unspecified,,
Bone Marrow,,,,,False,ValidValue,,,,Unspecified,,
Brachial lymph node,,,,,False,ValidValue,,,,Unspecified,,
Breast Milk,,,,,False,ValidValue,,,,Unspecified,,
Broad Single Cell Portal,,,,,False,ValidValue,,,,Unspecified,,
Bronchoalveolar Lavage Fluid,,,,,False,ValidValue,,,,Unspecified,,
Bruker Avance IIITimsTOF ProOtherMsAnalyzerTypeMS1,,,,,False,ValidValue,,,,Unspecified,,
Bruker Avance IIITimsTOF ProOtherMsAnalyzerTypeMS2,,,,,False,ValidValue,,,,Unspecified,,
CCF-BSO values (not listed for purposes of this RFC),,,,,False,ValidValue,,,,Unspecified,,
CEL-seq,,,,,False,ValidValue,,,,Unspecified,,
Carbohydrate,,,,,False,ValidValue,,,,Unspecified,,
Cell culture supernatant,,,,,False,ValidValue,,,,Unspecified,,
Centenarian,,,,,False,ValidValue,,,,Unspecified,,
Cerebrospinal Fluid,,,,,False,ValidValue,,,,Unspecified,,
Cerebrospinal Fluid (CSF),,,,,False,ValidValue,,,,Unspecified,,
Cervical lymph nodes,,,,,False,ValidValue,,,,Unspecified,,
Cherry Imaging FACE Platform,,,,,False,ValidValue,,,,Unspecified,,
Cherry Imaging TRACE Platform,,,,,False,ValidValue,,,,Unspecified,,
Chromium Single Cell 3',,,,,False,ValidValue,,,,Unspecified,,
Chromium X,,,,,False,ValidValue,,,,Unspecified,,
Colon,,,,,False,ValidValue,,,,Unspecified,,
Colonic Lamina Propria,,,,,False,ValidValue,,,,Unspecified,,
Convalescent Plasma,,,,,False,ValidValue,,,,Unspecified,,
Cord blood,,,,,False,ValidValue,,,,Unspecified,,
DDA-MS,,,,,False,ValidValue,,,,Unspecified,,
DIA-MS,,,,,False,ValidValue,,,,Unspecified,,
DK,,,,,False,ValidValue,,,,Unspecified,,
Dendritic cell,,,,,False,ValidValue,,,,Unspecified,,
Dermis,,,,,False,ValidValue,,,,Unspecified,,
Dried Blood Spot,,,,,False,ValidValue,,,,Unspecified,,
ENA,,,,,False,ValidValue,,,,Unspecified,,
EndItDNAEndRepairKit,,,,,False,ValidValue,,,,Unspecified,,
Endotracheal aspirate,,,,,False,ValidValue,,,,Unspecified,,
Ensembl,,,,,False,ValidValue,,,,Unspecified,,
FPKM,,,,,False,ValidValue,,,,Unspecified,,
FlowRepository,,,,,False,ValidValue,,,,Unspecified,,
GEO,,,,,False,ValidValue,,,,Unspecified,,
GIS,,,,,False,ValidValue,,,,Unspecified,,
GISAID,,,,,False,ValidValue,,,,Unspecified,,
Gastric lamina propria,,,,,False,ValidValue,,,,Unspecified,,
GenBank,,,,,False,ValidValue,,,,Unspecified,,
Genbank common names (not listed for purposes of this RFC)Unknown,,,,,False,ValidValue,,,,Unspecified,,
GoldenWest,,,,,False,ValidValue,,,,Unspecified,,
HAU,,,,,False,ValidValue,,,,Unspecified,,
HMDB,,,,,False,ValidValue,,,,Unspecified,,
HPLC-MSMS,,,,,False,ValidValue,,,,Unspecified,,
IEDB,,,,,False,ValidValue,,,,Unspecified,,
ITRAQ,,,,,False,ValidValue,,,,Unspecified,,
ImmPort,,,,,False,ValidValue,,,,Unspecified,,
Infinium HumanOmniExpressExome,,,,,False,ValidValue,,,,Unspecified,,
Inguinal lymph node,,,,,False,ValidValue,,,,Unspecified,,
Jejunum,,,,,False,ValidValue,,,,Unspecified,,
Juvenile,,,,,False,ValidValue,,,,Unspecified,,
K,,,,,False,ValidValue,,,,Unspecified,,
Kallikrein Inactivator Unit per Milliliter,,,,,False,ValidValue,,,,Unspecified,,
KapaHyperPrep,,,,,False,ValidValue,,,,Unspecified,,
Kidney,,,,,False,ValidValue,,,,Unspecified,,
LC-MS,,,,,False,ValidValue,,,,Unspecified,,
LC-MSMS,,,,,False,ValidValue,,,,Unspecified,,
LC-SRMOtherMsAssayTechnique,,,,,False,ValidValue,,,,Unspecified,,
LI-COR Odyssey CLx,,,,,False,ValidValue,,,,Unspecified,,
LTQ Orbitrap XL,,,,,False,ValidValue,,,,Unspecified,,
Label Free,,,,,False,ValidValue,,,,Unspecified,,
Leukocytes,,,,,False,ValidValue,,,,Unspecified,,
LifeViz Infinity System,,,,,False,ValidValue,,,,Unspecified,,
LifeViz Micro System,,,,,False,ValidValue,,,,Unspecified,,
Lipid,,,,,False,ValidValue,,,,Unspecified,,
Liver,,,,,False,ValidValue,,,,Unspecified,,
Lung,,,,,False,ValidValue,,,,Unspecified,,
Lung lymph node,,,,,False,ValidValue,,,,Unspecified,,
Lymph node,,,,,False,ValidValue,,,,Unspecified,,
Lymphocyte,,,,,False,ValidValue,,,,Unspecified,,
MDMS-SL,,,,,False,ValidValue,,,,Unspecified,,
MGnify,,,,,False,ValidValue,,,,Unspecified,,
MIB-MS,,,,,False,ValidValue,,,,Unspecified,,
MOI,,,,,False,ValidValue,,,,Unspecified,,
MULTIseq,,,,,False,ValidValue,,,,Unspecified,,
Macrophage,,,,,False,ValidValue,,,,Unspecified,,
Male,,,,,False,ValidValue,,,,Unspecified,,
Mammal,,,,,False,ValidValue,,,,Unspecified,,
MassBank of North America (MoNA),,,,,False,ValidValue,,,,Unspecified,,
MassIVE,,,,,False,ValidValue,,,,Unspecified,,
Mesenteric lymph node,,,,,False,ValidValue,,,,Unspecified,,
MetaboLights,,,,,False,ValidValue,,,,Unspecified,,
Metabolomics Workbench,,,,,False,ValidValue,,,,Unspecified,,
Metlin,,,,,False,ValidValue,,,,Unspecified,,
Minutes,,,,,False,ValidValue,,,,Unspecified,,
Monocyte,,,,,False,ValidValue,,,,Unspecified,,
Mouse Ear,,,,,False,ValidValue,,,,Unspecified,,
NCBI Gene,,,,,False,ValidValue,,,,Unspecified,,
NCBI taxonomy values (not listed for purposes of this RFC),,,,,False,ValidValue,,,,Unspecified,,
NCI values (not listed for purposes of this RFC),,,,,False,ValidValue,,,,Unspecified,,
NEBNext,,,,,False,ValidValue,,,,Unspecified,,
NIST SRM 1950,,,,,False,ValidValue,,,,Unspecified,,
NIST17,,,,,False,ValidValue,,,,Unspecified,,
NK cell,,,,,False,ValidValue,,,,Unspecified,,
NPX,,,,,False,ValidValue,,,,Unspecified,,
NY,,,,,False,ValidValue,,,,Unspecified,,
Nanostring Counter,,,,,False,ValidValue,,,,Unspecified,,
Nanostring GeoMx,,,,,False,ValidValue,,,,Unspecified,,
Nasal Swab,,,,,False,ValidValue,,,,Unspecified,,
Nasal Swab or Nose Specimen,,,,,False,ValidValue,,,,Unspecified,,
Nasal lavage fluid,,,,,False,ValidValue,,,,Unspecified,,
Nasopharyngeal Swab Specimen,,,,,False,ValidValue,,,,Unspecified,,
Negative,,,,,False,ValidValue,,,,Unspecified,,
Negative Control,,,,,False,ValidValue,,,,Unspecified,,
Neutrophil,,,,,False,ValidValue,,,,Unspecified,,
NexteraXT,,,,,False,ValidValue,,,,Unspecified,,
Olympus DP80,,,,,False,ValidValue,,,,Unspecified,,
Omni-ATAC,,,,,False,ValidValue,,,,Unspecified,,
Optic Nerve,,,,,False,ValidValue,,,,Unspecified,,
Orbitrap Fusion,,,,,False,ValidValue,,,,Unspecified,,
Orbitrap Fusion Lumos,,,,,False,ValidValue,,,,Unspecified,,
Orbitrap Fusion Lumos Tribrid,,,,,False,ValidValue,,,,Unspecified,,
Organoids,,,,,False,ValidValue,,,,Unspecified,,
Oropharyngeal Swab Specimen,,,,,False,ValidValue,,,,Unspecified,,
Osteoblasts,,,,,False,ValidValue,,,,Unspecified,,
PBL,,,,,False,ValidValue,,,,Unspecified,,
PBMC,,,,,False,ValidValue,,,,Unspecified,,
PCRfree,,,,,False,ValidValue,,,,Unspecified,,
PFU,,,,,False,ValidValue,,,,Unspecified,,
PFUe,,,,,False,ValidValue,,,,Unspecified,,
PRIDE,,,,,False,ValidValue,,,,Unspecified,,
PT,,,,,False,ValidValue,,,,Unspecified,,
PacBio RS II,,,,,False,ValidValue,,,,Unspecified,,
PacBio Sequel II System,,,,,False,ValidValue,,,,Unspecified,,
PacBio Sequel IIe System,,,,,False,ValidValue,,,,Unspecified,,
Pancreas,,,,,False,ValidValue,,,,Unspecified,,
Pancreatic Stellate Cells,,,,,False,ValidValue,,,,Unspecified,,
Perlegen 300Karray,,,,,False,ValidValue,,,,Unspecified,,
Placenta,,,,,False,ValidValue,,,,Unspecified,,
Plasma,,,,,False,ValidValue,,,,Unspecified,,
Pooled Sample,,,,,False,ValidValue,,,,Unspecified,,
Popliteal lymph node,,,,,False,ValidValue,,,,Unspecified,,
Positive,,,,,False,ValidValue,,,,Unspecified,,
Positive Control,,,,,False,ValidValue,,,,Unspecified,,
Post-Juvenile,,,,,False,ValidValue,,,,Unspecified,,
Pound,,,,,False,ValidValue,,,,Unspecified,,
Primate,,,,,False,ValidValue,,,,Unspecified,,
Promega GloMax Discover,,,,,False,ValidValue,,,,Unspecified,,
Protein,,,,,False,ValidValue,,,,Unspecified,,
Q Exactive,,,,,False,ValidValue,,,,Unspecified,,
Q Exactive HF,,,,,False,ValidValue,,,,Unspecified,,
Q Exactive HF-X,,,,,False,ValidValue,,,,Unspecified,,
Q Exactive Plus,,,,,False,ValidValue,,,,Unspecified,,
Q Exative HF,,,,,False,ValidValue,,,,Unspecified,,
RPKM,,,,,False,ValidValue,,,,Unspecified,,
Rectal Swab Specimen,,,,,False,ValidValue,,,,Unspecified,,
SILAC,,,,,False,ValidValue,,,,Unspecified,,
SMRTbell,,,,,False,ValidValue,,,,Unspecified,,
SPLITseq,,,,,False,ValidValue,,,,Unspecified,,
SRA,,,,,False,ValidValue,,,,Unspecified,,
STARRSeq,,,,,False,ValidValue,,,,Unspecified,,
Saliva,,,,,False,ValidValue,,,,Unspecified,,
Seconds,,,,,False,ValidValue,,,,Unspecified,,
Serum,,,,,False,ValidValue,,,,Unspecified,,
Smart-seq1,,,,,False,ValidValue,,,,Unspecified,,
Smart-seq2,,,,,False,ValidValue,,,,Unspecified,,
Smart-seq4,,,,,False,ValidValue,,,,Unspecified,,
Spectramax M Series,,,,,False,ValidValue,,,,Unspecified,,
Sputum,,,,,False,ValidValue,,,,Unspecified,,
Stranded,,,,,False,ValidValue,,,,Unspecified,,
SureCell,,,,,False,ValidValue,,,,Unspecified,,
Synovial fluid,,,,,False,ValidValue,,,,Unspecified,,
Synovial tissue,,,,,False,ValidValue,,,,Unspecified,,
T cell,,,,,False,ValidValue,,,,Unspecified,,
TCID50,,,,,False,ValidValue,,,,Unspecified,,
TMT,,,,,False,ValidValue,,,,Unspecified,,
TPM,,,,,False,ValidValue,,,,Unspecified,,
Targeted Absolute Quantitation,,,,,False,ValidValue,,,,Unspecified,,
Tonsil,,,,,False,ValidValue,,,,Unspecified,,
TruSeq,,,,,False,ValidValue,,,,Unspecified,,
TruSeqOtherLibraryPreparationMethod,,,,,False,ValidValue,,,,Unspecified,,
UPLC-ESI-QTOF-MS,,,,,False,ValidValue,,,,Unspecified,,
UPLC-MSMS,,,,,False,ValidValue,,,,Unspecified,,
Ultralow Methyl-Seq,,,,,False,ValidValue,,,,Unspecified,,
Umbilical cord blood,,,,,False,ValidValue,,,,Unspecified,,
UnTargetedMsTarget,,,,,False,ValidValue,,,,Unspecified,,
UnTargetedMsTargetUnknown,,,,,False,ValidValue,,,,Unspecified,,
UniProt,,,,,False,ValidValue,,,,Unspecified,,
Vectra H1 3D Imaging System,,,,,False,ValidValue,,,,Unspecified,,
Vevo 3100 Imaging System,,,,,False,ValidValue,,,,Unspecified,,
Weeks,,,,,False,ValidValue,,,,Unspecified,,
White,,,,,False,ValidValue,,,,Unspecified,,
Wild,,,,,False,ValidValue,,,,Unspecified,,
Xevo G2 QTOF,,,,,False,ValidValue,,,,Unspecified,,
Xevo TQ-S,,,,,False,ValidValue,,,,Unspecified,,
Years,,,,,False,ValidValue,,,,Unspecified,,
Zeiss LSM 980,,,,,False,ValidValue,,,,Unspecified,,
amplicon,,,,,False,ValidValue,,,,Unspecified,,
bulk cell,,,,,False,ValidValue,,,,Unspecified,,
bulk nuclei,,,,,False,ValidValue,,,,Unspecified,,
cell line,,,,,False,ValidValue,,,,Unspecified,,
cellHashing,,,,,False,ValidValue,,,,Unspecified,,
d.p.c.,,,,,False,ValidValue,,,,Unspecified,,
dbGAP,,,,,False,ValidValue,,,,Unspecified,,
forward,,,,,False,ValidValue,,,,Unspecified,,
in-gel,,,,,False,ValidValue,,,,Unspecified,,
in-solution,,,,,False,ValidValue,,,,Unspecified,,
internal standards,,,,,False,ValidValue,,,,Unspecified,,
lincRNA,,,,,False,ValidValue,,,,Unspecified,,
lncRNAenrichment,,,,,False,ValidValue,,,,Unspecified,,
mRNA,,,,,False,ValidValue,,,,Unspecified,,
metabolite,,,,,False,ValidValue,,,,Unspecified,,
methylSeq,,,,,False,ValidValue,,,,Unspecified,,
miRNAenrichment,,,,,False,ValidValue,,,,Unspecified,,
mitochondria,,,,,False,ValidValue,,,,Unspecified,,
multiome,,,,,False,ValidValue,,,,Unspecified,,
optical density,,,,,False,ValidValue,,,,Unspecified,,
organoid,,,,,False,ValidValue,,,,Unspecified,,
polyAselection,,,,,False,ValidValue,,,,Unspecified,,
proximity ligation,,,,,False,ValidValue,,,,Unspecified,,
rRNAdepletion,,,,,False,ValidValue,,,,Unspecified,,
reverse,,,,,False,ValidValue,,,,Unspecified,,
sac-seq,,,,,False,ValidValue,,,,Unspecified,,
scale,,,,,False,ValidValue,,,,Unspecified,,
single cell,,,,,False,ValidValue,,,,Unspecified,,
single nucleus,,,,,False,ValidValue,,,,Unspecified,,
singleEnd,,,,,False,ValidValue,,,,Unspecified,,
snRNA,,,,,False,ValidValue,,,,Unspecified,,
sorted cells,,,,,False,ValidValue,,,,Unspecified,,
sorted nuclei,,,,,False,ValidValue,,,,Unspecified,,
stool,,,,,False,ValidValue,,,,Unspecified,,
study pool,,,,,False,ValidValue,,,,Unspecified,,
swabs,,,,,False,ValidValue,,,,Unspecified,,
time-of-flight,,,,,False,ValidValue,,,,Unspecified,,
totalRNA,,,,,False,ValidValue,,,,Unspecified,,
triple quadrupole,,,,,False,ValidValue,,,,Unspecified,,
Affymetrix Genome-Wide Human SNP 5.0 Array,,,,,False,ValidValue,,,,Unspecified,,
studyName,Name of studies found in project,"MRGWAS,ELPSCRNA,Aging-PheWAS,Organoid scRNAseq,LLFS,Organoid scRNAseq,NECS",,,,validValues,,,,Unspecified,,
