,Attribute,Description,Valid Values,DependsOn,Properties,Required,Parent,DependsOn Component,Source,Validation Rules
0,specimenID,"Identifying string linked to a particular sample or specimen, provide by the data contributor",,,dataProperty,True,bsSeq (bisulfite-seq WGBS methylseq methylomics),,Sage Bionetworks,matchAtLeastOne Biospecimenhuman.specimenID value
1,sampleType,The type of sample collected,"Amniotic Fluid,Appendix,B cell,Basophils,Bone,Bone Marrow,Brachial lymph node,brain,Breast Milk,Bronchoalveolar Lavage Fluid,Carbohydrate,Cell culture supernatant,cell line,Cerebrospinal Fluid,Cervical lymph nodes,Colon,Colonic Lamina Propria,Convalescent Plasma,Cord blood,Dendritic cell,Dermis,DNA,Dried Blood Spot,Endotracheal aspirate,Epithelium,Feces,Fibroblast,Gastric lamina propria,Ileum,Inguinal lymph node,Jejunum,Kidney,Leukocytes,Lipid,Liver,Lung,Lung lymph node,Lymph node,Lymphocyte,Macrophage,Mesenteric lymph node,Monocyte,Mouse Ear,Nasal lavage fluid,Nasal Swab,Nasal Swab or Nose Specimen,Nasopharyngeal Swab Specimen,Negative Control,Neutrophil,NK cell,Not Specified,Optic Nerve,Organoids,Oropharyngeal Swab Specimen,Osteoblasts,OtherSampleType,Pancreas,Pancreatic Stellate Cells,PBL,PBMC,Placenta,Plasma,Pooled Sample,Popliteal lymph node,Positive Control,Protein,Rectal Swab Specimen,Red Blood Cell,Saliva,Salivary Glands,Serum,Skin of body,Small intestine,Spleen,Sputum,Stomach,Synovial fluid,Synovial tissue,T cell,Thymus,Tonsil,Trachea,Tumor Tissue,Umbilical cord blood,Urinary bladder,Urine,Vagina,Whole blood",,dataProperty,True,bsSeq (bisulfite-seq WGBS methylseq methylomics),,"Sage Bionetworks,ImmPort",
2,specifySampleType,"If ""other"" is selected list the type of sample",,,dataProperty,False,bsSeq (bisulfite-seq WGBS methylseq methylomics),,Sage Bionetworks,
3,specifyMeasurementTechnique,"If ""other"" is selected list the name of the measurement technique used",,,dataProperty,False,bsSeq (bisulfite-seq WGBS methylseq methylomics),,Sage Bionetworks,
4,technologyPlatformVersion,"The specific version (application, manufacturer, model, lab, etc.) of a technology that is used to carry out a laboratory or computational experiment.","10x Visium Spatial Gene Expression,Affymetrix Genome-Wide Human SNP 5.0 Array,Affymetrix Genome-Wide Human SNP 6.0 Array,Affymetrix Human Gene 1.0 ST Array,Affymetrix Human Genome U133 Plus 2.0 Array,Affymetrix U133AB,Agilent 44Karray,BGISEQ-500,Bionano Irys,Cherry Imaging FACE Platform,Cherry Imaging TRACE Platform,Chromium X,EnVision 2103 Multiplate Reader,Illumina 1M,Illumina Genome Analyzer IIx,Illumina h650,Illumina HiSeq 2000,Illumina HiSeq 2500,Illumina HiSeq 3000,Illumina HiSeq 4000,Illumina HiSeq X,Illumina Human660W-Quad v1.0 BeadChip,Illumina HumanHap300,Illumina HumanMethylation450,Illumina HumanOmni1-Quadv1.0,Illumina HumanOmniExpress-24 v1.0 BeadChip,Illumina HumanOmniExpress-24 v1.2 BeadChip,Illumina Infinium MethylationEPIC BeadChip v1.0 (850k),Illumina Infinium MethylationEPIC BeadChip v2.0 (935k)Illumina MiSeq,Illumina MouseWG-6 v2.0 expression BeadChip,Illumina NextSeq 1000,Illumina NextSeq 2000,Illumina NextSeq 500,Illumina NextSeq 550,Illumina NovaSeq 6000,Illumina Omni2pt5M,Illumina Omni5M,Illumina WholeGenome DASL,Infinium HumanOmniExpressExome,LI-COR Odyssey CLx,LifeViz Infinity System,LifeViz Micro System,LTQ Orbitrap XL,Nanostring Counter,Nanostring GeoMx,Olympus DP80,Orbitrap Fusion Lumos Tribrid,PacBio RS II,PacBio Sequel II System,PacBio Sequel IIe System,Perlegen 300Karray,Promega GloMax Discover,Q Exative HF,scale,Spectramax M Series,Vectra H1 3D Imaging System,Vevo 3100 Imaging System,Zeiss LSM 980,OtherTechnologyPlatformVersion,Unknown,Not collected,Not applicable,Not Specified",,dataProperty,True,bsSeq (bisulfite-seq WGBS methylseq methylomics),,Sage Bionetworks,
5,specifyPlatformVersion,"If ""other"" list the name of the platform version",,,dataProperty,False,bsSeq (bisulfite-seq WGBS methylseq methylomics),,Sage Bionetworks,
6,platformLocation,"The name of the laboratory, facility, vendor, company, or location where the data generation platform was located, provided by the data contributor","OtherPlatformLocation,Unknown,Not collected,Not applicable,Not Specified",,dataProperty,True,bsSeq (bisulfite-seq WGBS methylseq methylomics),,Sage Bionetworks,
7,specifyPlatformLocation,"If ""other"" list the name of the platform location",,,dataProperty,False,bsSeq (bisulfite-seq WGBS methylseq methylomics),,Sage Bionetworks,
8,referenceTranscriptID,The ID for the transcript/gene. Either the NCBI ID or the Ensembl ID must be provided,"Unknown,Not collected,Not applicable,Not Specified",,dataProperty,True,bsSeq (bisulfite-seq WGBS methylseq methylomics),,Sage Bionetworks,
9,dnaBatchID,DNA isolation batch,"Other,Unknown,Not collected,Not applicable",,dataProperty,True,bsSeq (bisulfite-seq WGBS methylseq methylomics),,Sage Bionetworks,
10,dnaBatchSize,The number of samples,,,dataProperty,True,bsSeq (bisulfite-seq WGBS methylseq methylomics),,Sage Bionetworks,regex search ([0-9]+\.[0-9]*.)|([0-9]+)
11,dnaBatchSizeUnit,The unit of measurement for number of samples in a batch,"AFU,AI,AU/ml,DK units/ml,bpg/dl,g/l,gm,HAU,IU,iu/l,IU/ml,Kallikrein Inactivator Unit per Milliliter,kg,l,M,mg,mg/dl,mg/l,mg/ml,miu/ml,ml,mM,MOI,ng,ng/dl,ng/ml,ng/nl,ng/ul,nl,nM,Not Specified,NPX,optical density,PFU,PFUe,pg,pg/mg creatinine,pg/ml,pg/nl,pg/ul,pl,pM,Pound,TCID50,ug,ug/dl,ug/l,ug/ml,ug/ul,uiu/ml,ul,uM,umol/l,units/ml,OtherDnaBatchSizeUnit",,dataProperty,True,bsSeq (bisulfite-seq WGBS methylseq methylomics),,Sage Bionetworks,
12,specifyDNABatchSizeUnit,"If ""other"" list unit of measure",,,dataProperty,False,bsSeq (bisulfite-seq WGBS methylseq methylomics),,Sage Bionetworks,
13,libraryBatchID,"Library batch identifier, provided by the data contributor to Sage Bionetworks. The batch identifier(s) must be stored in a data dictionary .csv file uploaded to Synapse",,,dataProperty,True,bsSeq (bisulfite-seq WGBS methylseq methylomics),,Sage Bionetworks,
14,libraryPrep,The general strategy by which the library was prepared,"amplicon,cellHashing,Chromium Single Cell 3',DNALibraryConstruction,EndItDNAEndRepairKit,KapaHyperPrep,lncRNAenrichment,methylSeq,miRNAenrichment,multiome,MULTIseq,PCRfree,polyAselection,proximity ligation,rRNAdepletion,SPLITseq,STARRSeq,SureCell,totalRNA,OtherLibraryPrep,Unknown,Not collected,Not applicable,Not Specified",,dataProperty,True,bsSeq (bisulfite-seq WGBS methylseq methylomics),,Sage Bionetworks,
15,specifyLibraryPrep,"If ""other"" list the name of the general strategy used to prepare the library",,,dataProperty,False,bsSeq (bisulfite-seq WGBS methylseq methylomics),,Sage Bionetworks,
16,libraryPreparationMethod,Method by which library was prepared,"10x,Accel-NGS 2S Plus,Accel-NGS Methyl-Seq,CEL-seq,Drop-Seq,NEBNext,NexteraXT,Omni-ATAC,sac-seq,Smart-seq1,Smart-seq2,Smart-seq4,SMRTbell,TruSeq,Ultralow Methyl-Seq,OtherLibraryPreparationMethod,Unknown,Not collected,Not applicable,Not Specified",,dataProperty,True,bsSeq (bisulfite-seq WGBS methylseq methylomics),,Sage Bionetworks,
17,specifyLibraryPreparationMethod,"If ""other"" list the name of the library preparation methods",,,dataProperty,False,bsSeq (bisulfite-seq WGBS methylseq methylomics),,Sage Bionetworks,
18,libraryVersion,"Library Version: for example, rnaSeq 10x library version","OtherLibraryVersion,Unknown,Not collected,Not applicable,Not Specified",,dataProperty,True,bsSeq (bisulfite-seq WGBS methylseq methylomics),,Sage Bionetworks,
19,specifyLibraryVersion,"If ""other"" list the name of the library version",,,dataProperty,False,bsSeq (bisulfite-seq WGBS methylseq methylomics),,Sage Bionetworks,
20,sequencingBatchID,"Sequencing batch identifier, provided by the data contributor to Sage Bionetworks. The batch identifier(s) must be stored in a data dictionary .csv file uploaded to Synapse","Unknown,Not collected,Not applicable,Not Specified",,dataProperty,True,bsSeq (bisulfite-seq WGBS methylseq methylomics),,Sage Bionetworks,
21,sequencingBatchSize,The number of samples,,,dataProperty,True,bsSeq (bisulfite-seq WGBS methylseq methylomics),,Sage Bionetworks,regex search ([0-9]+\.[0-9]*.)|([0-9]+)
22,sequencingBatchSizeUnit,The unit of measurement for number of samples in a batch,"AFU,AI,AU/ml,DK units/ml,bpg/dl,g/l,gm,HAU,IU,iu/l,IU/ml,Kallikrein Inactivator Unit per Milliliter,kg,l,M,mg,mg/dl,mg/l,mg/ml,miu/ml,ml,mM,MOI,ng,ng/dl,ng/ml,ng/nl,ng/ul,nl,nM,Not Specified,NPX,optical density,PFU,PFUe,pg,pg/mg creatinine,pg/ml,pg/nl,pg/ul,pl,pM,Pound,TCID50,ug,ug/dl,ug/l,ug/ml,ug/ul,uiu/ml,ul,uM,umol/l,units/ml,OtherSequencingBatchSizeUnit",,dataProperty,True,bsSeq (bisulfite-seq WGBS methylseq methylomics),,Sage Bionetworks,
23,specifySequencingBatchSizeUnit,"If ""other"" list unit of measure",,,dataProperty,False,bsSeq (bisulfite-seq WGBS methylseq methylomics),,Sage Bionetworks,
24,isStranded,Whether or not the library is stranded.,"TRUE,FALSE",,dataProperty,True,bsSeq (bisulfite-seq WGBS methylseq methylomics),,Sage Bionetworks,
25,readStrandOrigin,The strand from which the read originates in a strand-specific protocol,"forward,reverse",,dataProperty,True,bsSeq (bisulfite-seq WGBS methylseq methylomics),,Sage Bionetworks,
26,readLength,The length of the read,,,dataProperty,True,bsSeq (bisulfite-seq WGBS methylseq methylomics),,Sage Bionetworks,regex search ([0-9]+\.[0-9]*.)|([0-9]+)
27,readLengthUnits,The units of measurement.,"AFU,AI,AU/ml,DK units/ml,bpg/dl,g/l,gm,HAU,IU,iu/l,IU/ml,Kallikrein Inactivator Unit per Milliliter,kg,l,M,mg,mg/dl,mg/l,mg/ml,miu/ml,ml,mM,MOI,ng,ng/dl,ng/ml,ng/nl,ng/ul,nl,nM,Not Specified,NPX,optical density,PFU,PFUe,pg,pg/mg creatinine,pg/ml,pg/nl,pg/ul,pl,pM,Pound,TCID50,ug,ug/dl,ug/l,ug/ml,ug/ul,uiu/ml,ul,uM,umol/l,units/ml,OtherReadLengthUnits",,dataProperty,True,bsSeq (bisulfite-seq WGBS methylseq methylomics),,Sage Bionetworks,
28,specifyReadLengthUnits,"If ""other"" provide the unit of measure",,,dataProperty,False,bsSeq (bisulfite-seq WGBS methylseq methylomics),,Sage Bionetworks,
29,runType,The type of run,"singleEnd,pairedEnd",,dataProperty,True,bsSeq (bisulfite-seq WGBS methylseq methylomics),,Sage Bionetworks,
30,totalReads,Total number of sequencing reads from a library.,,,dataProperty,True,bsSeq (bisulfite-seq WGBS methylseq methylomics),,Sage Bionetworks,regex search ([0-9]+\.[0-9]*.)|([0-9]+)
31,directionalBSseqLibrary,Indicates whether or not the bisulfiteSeq library is directional,"TRUE,FALSE,Unknown,Not collected,Not applicable",,dataProperty,True,bsSeq (bisulfite-seq WGBS methylseq methylomics),,Sage Bionetworks,
32,gDNAconc,gDNA Concentration in ng,,,dataProperty,True,bsSeq (bisulfite-seq WGBS methylseq methylomics),,Sage Bionetworks,regex search ([0-9]+\.[0-9]*.)|([0-9]+)
33,lambdaDNAconc,Lambda DNA spike-in concentration in ng,,,dataProperty,True,bsSeq (bisulfite-seq WGBS methylseq methylomics),,Sage Bionetworks,regex search ([0-9]+\.[0-9]*.)|([0-9]+)
34,pcrCycles,Number of PCR cycles to amplify transposased DNA fragments,,,dataProperty,True,bsSeq (bisulfite-seq WGBS methylseq methylomics),,Sage Bionetworks,regex search ([0-9]+\.[0-9]*.)|([0-9]+)
35,meanCoverage,Total number of bases covered by ATAC-seq reads/size of genome,,,dataProperty,True,bsSeq (bisulfite-seq WGBS methylseq methylomics),,Sage Bionetworks,regex search ([0-9]+\.[0-9]*.)|([0-9]+)
36,conversionRatio,The ratio or % detailing how well the bisulfite conversion worked,,,dataProperty,True,bsSeq (bisulfite-seq WGBS methylseq methylomics),,Sage Bionetworks,
37,conversionRatioUnits,The units of measurement.,"AFU,AI,AU/ml,DK units/ml,bpg/dl,g/l,gm,HAU,IU,iu/l,IU/ml,Kallikrein Inactivator Unit per Milliliter,kg,l,M,mg,mg/dl,mg/l,mg/ml,miu/ml,ml,mM,MOI,ng,ng/dl,ng/ml,ng/nl,ng/ul,nl,nM,Not Specified,NPX,optical density,PFU,PFUe,pg,pg/mg creatinine,pg/ml,pg/nl,pg/ul,pl,pM,Pound,TCID50,ug,ug/dl,ug/l,ug/ml,ug/ul,uiu/ml,ul,uM,umol/l,units/ml,OtherConversionRatioUnits",,dataProperty,True,bsSeq (bisulfite-seq WGBS methylseq methylomics),,Sage Bionetworks,
38,specifyConversionRatioUnit,"If ""other"" list unit of measure",,,dataProperty,False,bsSeq (bisulfite-seq WGBS methylseq methylomics),,Sage Bionetworks,
39,enrichmentMethod,The method used for performing an enrichment of specific regions by a restriction enzyme digest,"Other,Unknown,Not collected,Not applicable",,dataProperty,True,bsSeq (bisulfite-seq WGBS methylseq methylomics),,Sage Bionetworks,
40,specifyEnrichmentMethod,"If ""other"" list the method used for enrichment",,,dataProperty,False,bsSeq (bisulfite-seq WGBS methylseq methylomics),,Sage Bionetworks,
41,repositoryName,"The public repository name for the transcript (for example, Ensembl or NCBI Gene)","ArrayExpress,Broad Single Cell Portal,dbGAP,ENA,Ensembl,FlowRepository,GenBank,GEO,GISAID,IEDB,ImmPort,MassIVE,MetaboLights,Metabolomics Workbench,MGnify,NCBI Gene,PRIDE,SRA,UniProt,OtherRepositoryName,Unknown,Not collected,Not applicable,Not Specified",,dataProperty,True,RNAseq,,Sage Bionetworks,
42,specifyRepositoryName,"If ""other"" list the name of the repository",,,dataProperty,False,RNAseq,,Sage Bionetworks,
43,transcriptType,The type of transcript reported,"lincRNA,mRNA,snRNA,OtherTranscriptType,Unknown,Not collected,Not applicable,Not Specified",,dataProperty,True,RNAseq,,ImmPort,
44,specifyTranscriptType,"If ""other"" list the transcript type",,,dataProperty,False,RNAseq,,Sage Bionetworks,
45,resultUnit,The unit for the result value,"FPKM,RPKM,TPM,Not Specified",,dataProperty,True,RNAseq,,Sage Bionetworks,
46,valueReported,The count or gene count for the transcript,,,dataProperty,True,RNAseq,,Sage Bionetworks,regex search ([0-9]+\.[0-9]*.)|([0-9]+)
47,rnaBatchID,"RNA isolation batch identifier, provided by the data contributor to Sage Bionetworks. The batch identifier(s) must be stored in a data dictionary .csv file uploaded to Synapse","Unknown,Not collected,Not applicable,Not Specified",,dataProperty,True,scRNAseq,,Sage Bionetworks,
48,rnaBatchSize,The number of samples,,,dataProperty,False,scRNAseq,,Sage Bionetworks,regex search ([0-9]+\.[0-9]*.)|([0-9]+)
49,rnaBatchSizeUnit,The unit of measurement for number of samples in a batch,"AFU,AI,AU/ml,DK units/ml,bpg/dl,g/l,gm,HAU,IU,iu/l,IU/ml,Kallikrein Inactivator Unit per Milliliter,kg,l,M,mg,mg/dl,mg/l,mg/ml,miu/ml,ml,mM,MOI,ng,ng/dl,ng/ml,ng/nl,ng/ul,nl,nM,Not Specified,NPX,optical density,PFU,PFUe,pg,pg/mg creatinine,pg/ml,pg/nl,pg/ul,pl,pM,Pound,TCID50,ug,ug/dl,ug/l,ug/ml,ug/ul,uiu/ml,ul,uM,umol/l,units/ml,OtherRnaBatchSizeUnit",,dataProperty,True,scRNAseq,,Sage Bionetworks,
50,specifyRNABatchSizeUnit,"If ""other"" list unit of measure",,,dataProperty,False,scRNAseq,,Sage Bionetworks,
51,useReagent,Was a reagent applied to the sample,"YesUseReagent,No",,dataProperty,True,genotyping,,"Sage Bionetworks,ImmPort",
52,reagentID(s),"One or more identifiers, separated by a semicolon (;). The reagent identifier(s) must be stored in a data dictionary .csv file uploaded to Synapse",,,dataProperty,False,genotyping,,"Sage Bionetworks,ImmPort",
53,reagentName,The reagent name is an alternative to the Reagent ID,,,dataProperty,False,genotyping,,"Sage Bionetworks,ImmPort",
54,reagentManufacturer,"The manufacturer is the source of a reagent and may include commercial vendors as well as non-commercial sources (e.g., collaborating labs)",,,dataProperty,False,genotyping,,"Sage Bionetworks,ImmPort",
55,reagentCatalogNumber,"If the assay reagent is a commercial product, enter the vendor's catalog identifier. If the reagent is a custom preparation enter 'NA'. ",,,dataProperty,False,genotyping,,"Sage Bionetworks,ImmPort",
56,reagentLotNumber,The lot number is often provided by a reagent source when the reagent is replenished over time. ,,,dataProperty,False,genotyping,,"Sage Bionetworks,ImmPort",
57,reagentWeblink,An internet address that may provide details of an assay reagent.,,,dataProperty,False,genotyping,,"Sage Bionetworks,ImmPort",
58,reagentContact,The contact information is particularly helpful when the reagent is not from a commercial vendor.,,,dataProperty,False,genotyping,,"Sage Bionetworks,ImmPort",
59,useTreatment,Was a treatment applied to the sample,"YesUseTreatment,No",,dataProperty,True,genotyping,,"Sage Bionetworks,ImmPort",
60,treatmentID(s),"One or more identifiers, separated by a semicolon (;). The treatment identifier(s) must be stored in a data dictionary .csv file uploaded to Synapse",,,dataProperty,False,genotyping,,"Sage Bionetworks,ImmPort",
61,treatmentName,"Treatments refer to in vitro modifications of samples. Three treatment types are supported: agent amount, duration, and temperature.  Treatment name is an alternate identifier to the Treatment ID ",,,dataProperty,False,genotyping,,"Sage Bionetworks,ImmPort",
62,treatmentAmountValue,"The Amount Value indicates how much (concentration, mass, volume) of a treatment agent was applied to a sample.",,,dataProperty,False,genotyping,,"Sage Bionetworks,ImmPort",
63,treatmentAmountUnit,Unit of treatment amount,"AFU,AI,AU/ml,DK units/ml,g/dl,g/l,gm,HAU,IU,iu/l,IU/ml,Kallikrein Inactivator Unit per Milliliter,kg,l,M,mg,mg/dl,mg/l,mg/ml,miu/ml,ml,mM,MOI,ng,ng/dl,ng/ml,ng/nl,ng/ul,nl,nM,Not Specified,NPX,optical density,PFU,PFUe,pg,pg/mg creatinine,pg/ml,pg/nl,pg/ul,pl,pM,Pound,TCID50,ug,ug/dl,ug/l,ug/ml,ug/ul,uiu/ml,ul,uM,umol/l,units/ml",,dataProperty,False,genotyping,,"Sage Bionetworks,ImmPort",regex search ([0-9]+\.[0-9]*.)|([0-9]+)
64,treatmentDurationValue,Duration of treatment,,,dataProperty,False,genotyping,,,regex search ([0-9]+\.[0-9]*.)|([0-9]+)
65,treatmentDurationUnit,Unit of treatment duration,"d.p.c.,Days,Hours,Minutes,Months,Not Specified,Seconds,Weeks,Years",,dataProperty,False,genotyping,,"Sage Bionetworks,ImmPort",
66,treatmentTemperatureValue,Value of treatment temperature,,,dataProperty,False,genotyping,,"Sage Bionetworks,ImmPort",regex search ([0-9]+\.[0-9]*.)|([0-9]+)
67,treatmentTemperatureUnit,Unit of treatment temperature,"C,F,K,Not Specified",,dataProperty,False,genotyping,,"Sage Bionetworks,ImmPort",
68,msTarget,specifies whether or not a specific molecule(s) is/are targeted for detection/measurement by the assay,"TargetedMsTarget,UnTargetedMsTarget,Unknown,Not collected,Not applicable,Not Specified",,dataProperty,True,Metabolomics Human,,Sage Bionetworks,
69,msAnalyzerTypeMS1,"Describes the mass spectrometer analyzer used to read out parent ions (quadrupole, ion-trap, time-of-flight, FT-ICR, including combinations of these for hybrid instruments)","LTQ Orbitrap XL,Orbitrap Fusion,Orbitrap Fusion Lumos,Q Exactive,Q Exactive HF,Q Exactive HF-X,Q Exactive Plus,Exploris 240Exploris 480quadrupole time-of-flight,time-of-flight,triple quadrupole,Xevo G2 QTOF,Xevo TQ-S,Bruker Avance IIITimsTOF ProOtherMsAnalyzerTypeMS1,Unknown,Not collected,Not applicable,Not Specified",,dataProperty,True,Metabolomics Human,,"Sage Bionetworks,Proposed minimum metadata relative to mass spectrometry ",
70,specifyMSAnalyzerTypeMS1,"If ""other"" is selected list the name of the mass spectrometer analyzer used",,,dataProperty,False,Metabolomics Human,,Sage Bionetworks,
71,msAnalyzerTypeMS2,"Describes the mass spectrometer analyzer used to read out fragment ions(quadrupole, ion-trap, time-of-flight, FT-ICR, including combinations of these for hybrid instruments)","LTQ Orbitrap XL,Orbitrap Fusion,Orbitrap Fusion Lumos,Q Exactive,Q Exactive HF,Q Exactive HF-X,Q Exactive Plus,Exploris 240Exploris 480quadrupole time-of-flight,time-of-flight,triple quadrupole,Xevo G2 QTOF,Xevo TQ-S,Bruker Avance IIITimsTOF ProOtherMsAnalyzerTypeMS2,Unknown,Not collected,Not applicable,Not Specified",,dataProperty,True,Metabolomics Human,,"Sage Bionetworks,Proposed minimum metadata relative to mass spectrometry ",
72,specifyMSAnalyzerTypeMS2,"If ""other"" is selected list the name of the mass spectrometer analyzer used",,,dataProperty,False,Metabolomics Human,,Sage Bionetworks,
73,msAssayTechnique,Specified the mass spectrometer technique used,"DDA-MS,DIA-MS,FIA-MSMS,HPLC-MSMS,LC-MS,LC-MSMS,MDMS-SL,MIB-MS,UPLC-MSMS,UPLC-ESI-QTOF-MS,LC-SRMOtherMsAssayTechnique,Unknown,Not collected,Not applicable,Not Specified",,dataProperty,True,Metabolomics Human,,"Sage Bionetworks,DSLWG",
74,specifyMSAssayTechnique,"If ""other"" is selected list the name of the mass spectrometer technique used or the name of the proteomics assay used",,,dataProperty,False,Metabolomics Human,,Sage Bionetworks,
75,msAnalyteType,the type of biospecimen subjected to analysis,"Protein,metabolite,Lipid,Other,Unknown,Not collected,Not applicable,Not Specified",,dataProperty,False,Metabolomics Human,,http://purl.obolibrary.org/obo/NCIT_C156434,
76,specifyMSAnalyteType,"If ""other"" list the type of analyte ",,,dataProperty,False,Metabolomics Human,,Sage Bionetworks,
77,msInstrumentModel,The model of the mass spectrometer  used,"Possible values are listed under the instrument model term.OtherMsInstrumentModel,Unknown,Not collected,Not applicable,Not Specified",,dataProperty,True,Metabolomics Human,,"Sage Bionetworks,Proposed minimum metadata relative to mass spectrometry  ",
78,specifyMSInstrumentModel,"If ""other"" is selected list the name of the instrument model",,,dataProperty,False,Metabolomics Human,,Sage Bionetworks,
79,sampleIntroduction,"The sample introduction and delivery. From GC, from LC, direct infusion without chromatography, direct infusion using dedicated autosampler flow rate.","Other,Unknown,Not collected,Not applicable,Not Specified",,dataProperty,True,Metabolomics Human,,"Sage Bionetworks,Proposed minimum metadata relative to mass spectrometry  ",
80,specifySampleIntroduction,"If ""other"" list the name of the sample introduction",,,dataProperty,False,Metabolomics Human,,Sage Bionetworks,
81,extractionMethod,The name of the process used to separate a desired component of an input material from the remainder,"Unknown,Not collected,Not applicable,Not Specified",,dataProperty,True,Metabolomics Human,,http://purl.obolibrary.org/obo/OBI_0302884,
82,acquisitionMode,"The specific aspect of a mass spectrometer method by which mass ranges are selected and possibly dissociated (full scan, MSn, SIM, MRM, etc.).","Unknown,Not collected,Not applicable,Not Specified",,dataProperty,True,Metabolomics Human,,https://www.ebi.ac.uk/ols/ontologies/ms/termsiri=http%3A%2F%2Fpurl.obolibrary.org%2Fobo%2FMS_1003213,
83,acquisitionSoftware,The name of the acquisition software used,"Unknown,Not collected,Not applicable,Not Specified",,dataProperty,True,Metabolomics Human,,http://purl.obolibrary.org/obo/MS_1001455,
84,acquistionSoftwareVersion,The version number of software used,,,dataProperty,True,Metabolomics Human,,Sage Bionetworks,regex search ([0-9]+\.[0-9]*.)|([0-9]+)
85,samplePrepProtocol,An internet address that may provide more details of the protocol information (web link),,,dataProperty,False,Metabolomics Human,,Sage Bionetworks,
86,databaseName,"The name of the search database (nr, SwissProt or est_human, and/or mass spectral library).","MassBank of North America (MoNA),NIST17,Metlin,HMDB,OtherDatabaseName,Unknown,Not collected,Not applicable,Not Specified",,dataProperty,True,Metabolomics Human,,http://purl.obolibrary.org/obo/MS_1001013,
87,specifyDatabaseName,"If ""other"" list the name of the search database",,,dataProperty,False,Metabolomics Human,,Sage Bionetworks,
88,databaseSource,"The name of the organization, project, or laboratory from where the database is obtained (UniProt, NCBI, EBI, other).","OtherDatabaseSource,Unknown,Not collected,Not applicable,Not Specified",,dataProperty,False,Metabolomics Human,,http://purl.obolibrary.org/obo/MS_1001012,
89,specifyDatabaseSource,"If ""other"" list the name of the database source",,,dataProperty,False,Metabolomics Human,,Sage Bionetworks,
90,databaseWeblink,"An internet address that may provide details of a database or software search, as well as for labs who generate their own search method",,,dataProperty,False,Metabolomics Human,,"Sage Bionetworks,DSLWG",
91,spectrometerFrequency,The frequency at which a spectrometer causes hydrogen atoms to resonate (in MHz),,,dataProperty,True,Metabolomics Human,,Sage Bionetworks,regex search ([0-9]+\.[0-9]*.)|([0-9]+)
92,hasIonizationSource,Were the ionization conditions recorded to enable reproduction of the experiment,"YesHasIonizationSource,No",,dataProperty,True,Metabolomics Human,,"Sage Bionetworks,Proposed minimum metadata relative to mass spectrometry ",
93,ionProperty,Ion charge state (positive or negative-ion analysis),"Positive,Negative",,dataProperty,False,Metabolomics Human,,"Sage Bionetworks,Proposed minimum metadata relative to mass spectrometry ",
94,vacuumPressure,The recorded vacuum pressure value,,,dataProperty,False,Metabolomics Human,,"Sage Bionetworks,Proposed minimum metadata relative to mass spectrometry ",regex search ([0-9]+\.[0-9]*.)|([0-9]+)
95,vacuumPressureUnit,Unit of vacuum pressure value,"AFU,AI,AU/ml,DK units/ml,bpg/dl,g/l,gm,HAU,IU,iu/l,IU/ml,Kallikrein Inactivator Unit per Milliliter,kg,l,M,mg,mg/dl,mg/l,mg/ml,miu/ml,ml,mM,MOI,ng,ng/dl,ng/ml,ng/nl,ng/ul,nl,nM,Not Specified,NPX,optical density,PFU,PFUe,pg,pg/mg creatinine,pg/ml,pg/nl,pg/ul,pl,pM,Pound,TCID50,ug,ug/dl,ug/l,ug/ml,ug/ul,uiu/ml,ul,uM,umol/l,units/ml,OtherVacuumPressureUnit",,dataProperty,False,Metabolomics Human,,"Sage Bionetworks,Proposed minimum metadata relative to mass spectrometry ",
96,specifyVacuumPressueUnits,"If ""other"" provide the unit of measure",,,dataProperty,False,Metabolomics Human,,Sage Bionetworks,
97,lensVoltages ,"The skimmer/focusing lens voltages e.g., capillary voltage, etc.",,,dataProperty,False,Metabolomics Human,,"Sage Bionetworks,Proposed minimum metadata relative to mass spectrometry ",regex search ([0-9]+\.[0-9]*.)|([0-9]+)
98,lensVoltagesUnit ,Unit of lens voltages,"AFU,AI,AU/ml,DK units/ml,bpg/dl,g/l,gm,HAU,IU,iu/l,IU/ml,Kallikrein Inactivator Unit per Milliliter,kg,l,M,mg,mg/dl,mg/l,mg/ml,miu/ml,ml,mM,MOI,ng,ng/dl,ng/ml,ng/nl,ng/ul,nl,nM,Not Specified,NPX,optical density,PFU,PFUe,pg,pg/mg creatinine,pg/ml,pg/nl,pg/ul,pl,pM,Pound,TCID50,ug,ug/dl,ug/l,ug/ml,ug/ul,uiu/ml,ul,uM,umol/l,units/ml,OtherLensVoltagesUnit",,dataProperty,False,Metabolomics Human,,"Sage Bionetworks,Proposed minimum metadata relative to mass spectrometry ",
99,specifyLensVoltageUnits,"If ""other"" provide the unit of measure",,,dataProperty,False,Metabolomics Human,,Sage Bionetworks,
100,gasFlowTemperature,"e.g., nebulization gas, cone gas, etc.",,,dataProperty,False,Metabolomics Human,,"Sage Bionetworks,Proposed minimum metadata relative to mass spectrometry ",regex search ([0-9]+\.[0-9]*.)|([0-9]+)
101,gasFlowTemperatureUnit,Unit of gas flow temperature,"C,F,K,Not Specified",,dataProperty,False,Metabolomics Human,,"Sage Bionetworks,Proposed minimum metadata relative to mass spectrometry ",
102,hasAssayControl,"Boolean flag indicating whether or not a specimen is a technical or assay control. Examples include study pools or reference pools, blanks, or internal standards.","YesHasAssayControl,No",,dataProperty,True,Metabolomics Human,,Sage Bionetworks,
103,controlType,Control samples suitable for normalization and batch correction,"GIS,GoldenWest,NIST SRM 1950,AIBL pool,Baker pool,water plus Baker ISTD,study pool,internal standards,Other,Unknown,Not collected,Not applicable,Not Specified",,dataProperty,False,Metabolomics Human,,https://doi.org/10.1101/2020.05.19.105197https://doi.org/10.1038/sdata.2017.140https://www-s.nist.gov/srmors/view_detail.cfmsrm=1950Sage BionetworksDSLWG,
104,specifyControlType,"If ""other"" specify the control type",,,dataProperty,False,Metabolomics Human,,Sage Bionetworks,
105,experiementalBatchSize,The number of samples ,,,dataProperty,False,Metabolomics Human,,Sage Bionetworks,regex search ([0-9]+\.[0-9]*.)|([0-9]+)
106,experiementalBatchSizeUnit,The unit of measurement for number of samples in a experimental batch,"AFU,AI,AU/ml,DK units/ml,bpg/dl,g/l,gm,HAU,IU,iu/l,IU/ml,Kallikrein Inactivator Unit per Milliliter,kg,l,M,mg,mg/dl,mg/l,mg/ml,miu/ml,ml,mM,MOI,ng,ng/dl,ng/ml,ng/nl,ng/ul,nl,nM,Not Specified,NPX,optical density,PFU,PFUe,pg,pg/mg creatinine,pg/ml,pg/nl,pg/ul,pl,pM,Pound,TCID50,ug,ug/dl,ug/l,ug/ml,ug/ul,uiu/ml,ul,uM,umol/l,units/ml,OtherExperiementalBatchSizeUnit",,dataProperty,False,Metabolomics Human,,Sage Bionetworks,
107,specifyExperimentalBatchSizeUnits,"If ""other"" list units of measure",,,dataProperty,False,Metabolomics Human,,,
108,batchSize,The number of samples,,,dataProperty,False,Metabolomics Human,,Sage Bionetworks,regex search ([0-9]+\.[0-9]*.)|([0-9]+)
109,batchSizeUnit,The unit of measurement for number of samples in a batch,"AFU,AI,AU/ml,DK units/ml,bpg/dl,g/l,gm,HAU,IU,iu/l,IU/ml,Kallikrein Inactivator Unit per Milliliter,kg,l,M,mg,mg/dl,mg/l,mg/ml,miu/ml,ml,mM,MOI,ng,ng/dl,ng/ml,ng/nl,ng/ul,nl,nM,Not Specified,NPX,optical density,PFU,PFUe,pg,pg/mg creatinine,pg/ml,pg/nl,pg/ul,pl,pM,Pound,TCID50,ug,ug/dl,ug/l,ug/ml,ug/ul,uiu/ml,ul,uM,umol/l,units/ml,OtherBatchSizeUnit",,dataProperty,False,Metabolomics Human,,Sage Bionetworks,
110,specifyBatchSizeUnits,"If ""other"" list the unit of measure",,,dataProperty,False,Metabolomics Human,,Sage Bionetworks,
111,batchID,"ID used to identify a batch, provided by the data contributor to Sage Bionetworks. The batch identifier(s) must be stored in a data dictionary .csv file uploaded to Synapse",,,dataProperty,False,Metabolomics Human,,Sage Bionetworks,
112,batchLabel,Used to supply batch label information with any string value,,,dataProperty,False,Metabolomics Human,,http://purl.obolibrary.org/obo/MS_4000088,
113,sampleBatchID,"Sample batch lot identifier, provided by the data contributor to Sage Bionetworks. The batch identifier(s) must be stored in a data dictionary .csv file uploaded to Synapse",,,dataProperty,False,Metabolomics Human,,http://purl.obolibrary.org/obo/MS_1000053,
114,sampleBatchSize,The number of samples,,,dataProperty,False,Metabolomics Human,,Sage Bionetworks,
115,sampleBatchSizeUnit,The unit of measurement for number of samples in a batch,"AFU,AI,AU/ml,DK units/ml,bpg/dl,g/l,gm,HAU,IU,iu/l,IU/ml,Kallikrein Inactivator Unit per Milliliter,kg,l,M,mg,mg/dl,mg/l,mg/ml,miu/ml,ml,mM,MOI,ng,ng/dl,ng/ml,ng/nl,ng/ul,nl,nM,Not Specified,NPX,optical density,PFU,PFUe,pg,pg/mg creatinine,pg/ml,pg/nl,pg/ul,pl,pM,Pound,TCID50,ug,ug/dl,ug/l,ug/ml,ug/ul,uiu/ml,ul,uM,umol/l,units/ml,OtherSampleBatchSizeUnit",,dataProperty,False,Metabolomics Human,,Sage Bionetworks,
116,specifySampleBatchSizeUnits,"If ""other"" list the unit of measure",,,dataProperty,False,Metabolomics Human,,Sage Bionetworks,
117,acquisitionBatchID,"Acquisition batch identifier, provided by the data contributor to Sage Bionetworks. The batch identifier(s) must be stored in a data dictionary .csv file uploaded to Synapse",,,dataProperty,False,Metabolomics Human,,Sage Bionetworks,
118,acquisitionBatchSize,The number of samples,,,dataProperty,False,Metabolomics Human,,Sage Bionetworks,
119,acquisitionBatchSizeUnit,The unit of measurement for number of samples in a batch,"AFU,AI,AU/ml,DK units/ml,bpg/dl,g/l,gm,HAU,IU,iu/l,IU/ml,Kallikrein Inactivator Unit per Milliliter,kg,l,M,mg,mg/dl,mg/l,mg/ml,miu/ml,ml,mM,MOI,ng,ng/dl,ng/ml,ng/nl,ng/ul,nl,nM,Not Specified,NPX,optical density,PFU,PFUe,pg,pg/mg creatinine,pg/ml,pg/nl,pg/ul,pl,pM,Pound,TCID50,ug,ug/dl,ug/l,ug/ml,ug/ul,uiu/ml,ul,uM,umol/l,units/ml,OtherAcquisitionBatchSizeUnit",,dataProperty,False,Metabolomics Human,,Sage Bionetworks,
120,specifyAcquisitionBatchSizeUnits,"If ""other"" list units of measure",,,dataProperty,False,Metabolomics Human,,,
121,processingBatchID,"Processing batch identifier, provided by the data contributor to Sage Bionetworks. The batch identifier(s) must be stored in a data dictionary .csv file uploaded to Synapse",,,dataProperty,False,Metabolomics Human,,Sage Bionetworks,
122,processingBatchSize,The number of samples,,,dataProperty,False,Metabolomics Human,,Sage Bionetworks,
123,processingBatchSizeUnit,The unit of measurement for number of samples in a batch,"AFU,AI,AU/ml,DK units/ml,bpg/dl,g/l,gm,HAU,IU,iu/l,IU/ml,Kallikrein Inactivator Unit per Milliliter,kg,l,M,mg,mg/dl,mg/l,mg/ml,miu/ml,ml,mM,MOI,ng,ng/dl,ng/ml,ng/nl,ng/ul,nl,nM,Not Specified,NPX,optical density,PFU,PFUe,pg,pg/mg creatinine,pg/ml,pg/nl,pg/ul,pl,pM,Pound,TCID50,ug,ug/dl,ug/l,ug/ml,ug/ul,uiu/ml,ul,uM,umol/l,units/ml,OtherProcessingBatchSizeUnit",,dataProperty,False,Metabolomics Human,,Sage Bionetworks,
124,specifyProcessingBatchSizeUnit,"If ""other"" list units of measure",,,dataProperty,False,Metabolomics Human,,Sage Bionetworks,
125,f,"The data file provides the name of the raw file generated by the instrument. The data files can be instrument raw files but also converted peak lists such as mzML, MGF or result files like mzIdentML.","Unknown,Not collected,Not applicable,Not Specified",,dataProperty,True,Metabolomics Human,,Proteomics Sample Metadata,
126,specifyExtractionMethod,"If ""other"" list the name of the extraction method",,,dataProperty,False,Microbiome,,Sage Bionetworks,
127,protoemicsAssayType,Type of peptide quantification used (ex. Label Free),"Label Free,TMT,ITRAQ,SILAC,Targeted Absolute Quantitation,Other,Unknown,Not collected,Not applicable",,dataProperty,True,proteomics,,"Sage Bionetworks,DSLWG,https://www.ebi.ac.uk/ols/ontologies/pride/termsiri=http%3A%2F%2Fpurl.obolibrary.org%2Fobo%2FPRIDE_0000514&viewMode=All&siblings=false",
128,specifyProteomicsAssayType,"If ""other"" is selected list the name of the type of peptide quantification used",,,dataProperty,False,proteomics,,Sage Bionetworks,
129,digestionMethod,"The type of digestion - in-solution, in-gel, etc. (ex. ""in-gel digestion"")","in-solution,in-gel,OtherDigestionMethod,Unknown,Not collected,Not applicable,",,dataProperty,True,proteomics,,"Sage Bionetworks,DSLWG",
130,specifyDigestionMethod,"If ""other"" list the type of digestion",,,dataProperty,False,proteomics,,Sage Bionetworks,
131,fractionIdentifier,"Identifier string that describes the sample fraction. This identifier should contain the fraction number(s) or similar information. (It MUST start from 1; if the experiment is not fractionated, 1 MUST be used for each MSRun (assay).",,,dataProperty,True,proteomics,,"Sage Bionetworks,The Proteomics Sample Metadata Project,MS Ontology",regex search ([0-9]+\.[0-9]*.)|([0-9]+)
132,modificationParameters,Modification parameters for the search engine run. [ PSI: PI http://www.w3.org/2002/07/owl#Axiom ],"Possible values are listed under modification parameters,OtherModificationParameters,Unknown,Not collected,Not applicable,Not Specified",,dataProperty,True,proteomics,,https://www.ebi.ac.uk/ols/ontologies/ms/termsiri=http%3A%2F%2Fpurl.obolibrary.org%2Fobo%2FMS_1001055,
133,specifyOtherModificationParameters,"If ""other"" is selected, list the custom modification name. We recommend using an intuitive name",,,dataProperty,False,proteomics,,Sage Bionetworks,
134,cleavageAgents,Name(s) of the enzyme used,"Possible values are listed under the cleavage agent nameOtherCleavageAgents,Unknown,Not collected,Not applicable,Not Specified",,dataProperty,True,proteomics,,Proteomics Sample Metadata,
135,specifyOtherCleavageAgent,"If ""other"" is selected, list the enzyme name. ",,,dataProperty,False,proteomics,,Sage Bionetworks,
136,fragmentMassTolerance,"Units of measure are Da or ppm (ex. ""0.6 Da"" or ""20 ppm"")",,,dataProperty,True,proteomics,,Proteomics Sample Metadata,
137,precursorMassTolerance,"Units of measure are Da or ppm (ex. ""0.6 Da"" or ""20 ppm"")",,,dataProperty,True,proteomics,,Proteomics Sample Metadata,
138,dataFile,"The data file provides the name of the raw file generated by the instrument. The data files can be instrument raw files but also converted peak lists such as mzML, MGF or result files like mzIdentML.","Unknown,Not collected,Not applicable,Not Specified",,dataProperty,True,proteomics,,Proteomics Sample Metadata,
139,individualID,"Identifying string linked to the individual or animal being studied, provided by the data contributor",,,dataProperty,True,Biospecimen human,,Sage Bionetworks,matchExactlyOne IndividualHuman.individualID set
140,specimenType,Type of biological material comprising the Specimen,"blood,Plasma,Urine,Saliva,stool,Serum,tissue,swabs,Sputum,Cerebrospinal Fluid (CSF),organoid,Other,Unknown,Not collected,Not applicable",,dataProperty,True,Biospecimen human,,"Sage Bionetworks,http://purl.obolibrary.org/obo/NCIT_C70713",
141,specimenAge,The subject's age at the time of specimen extraction is the individual's age (since birth) at the time a given specimen was extracted. Measured as age in years.,"Other,Unknown,Not collected,Not applicable",,dataProperty,True,Biospecimen human,,Sage Bionetworks,regex search^\d*?\.?\d$|Other|Unknown|Not collected|Not applicable
142,samplingAge,"The calculated age of the sample, measurement is determined or coded by the data contributor. ","Other,Unknown,Not collected,Not applicable",,dataProperty,True,Biospecimen human,,Sage Bionetworks,regex search^\d*?\.?\d$|Other|Unknown|Not collected|Not applicable
143,organ,Indicate the organ the specimen is from,"NCI values (not listed for purposes of this RFC),Other,Unknown,Not collected,Not applicable",,dataProperty,True,Biospecimen human,,http://purl.obolibrary.org/obo/NCIT_C13018,
144,tissue,Indicate the tissue the specimen is from,"NCI values (not listed for purposes of this RFC),Other,Unknown,Not collected,Not applicable",,dataProperty,True,Biospecimen human,,http://purl.obolibrary.org/obo/NCIT_C12801,
145,tissueVolume,The volume of the tissue sample. Measured in microliters.,"Unknown,Not collected,Not applicable",,dataProperty,True,Biospecimen human,,Sage Bionetworks,regex search^\d*?\.?\d$|Unknown|Not collected|Not applicable
146,tissueWeight,The mass of the tissue specimen. Measured in mg.,"Unknown,Not collected,Not applicable",,dataProperty,True,Biospecimen human,,Sage Bionetworks,regex search^\d*?\.?\d$|Unknown|Not collected|Not applicable
147,specimenSource,Indicate the biological area of the specimen,"Human Reference Atlas values (not listed for purposes of this RFC),Other,Unknown,Not collected,Not applicable",,dataProperty,True,Biospecimen human,,https://www.ebi.ac.uk/ols/ontologies/ccf/termsiri=http%3A%2F%2Fpurl.obolibrary.org%2Fobo%2FUBERON_0004537&lang=en&viewMode=PreferredRoots&siblings=false,
148,nucleicAcidSource,"Specifies the type of nucleic acid (DNA, RNA, Pooled, etc.) found in a sample.","bulk cell,single cell,bulk nuclei,single nucleus,mitochondria,sorted cells,sorted nuclei,Other,Unknown,Not collected,Not applicable",,dataProperty,True,Biospecimen human,,https://ncithesaurus.nci.nih.gov/ncitbrowser/ConceptReport.jspdictionary=NCI_Thesaurus&version=23.04d&ns=ncit&code=C171278&key=1146649015&b=1&n=1,
149,cellType,Indicate the cell type. ,"CCF-BSO values (not listed for purposes of this RFC),Other,Unknown,Not collected,Not applicable",,dataProperty,True,Biospecimen human,,"https://bioportal.bioontology.org/ontologies/CCF/p=classes&conceptid=http%3A%2F%2Fpurl.org%2Fccf%2Fcell_type,https://www.ebi.ac.uk/ols/ontologies/ccf/termsiri=http%3A%2F%2Fpurl.org%2Fccf%2Fcell_type",
150,fastingState,Was individual fasting when the sample was taken (true/false),"TRUE,FALSE,Other,Uknown,Not collected,Not applicable",,dataProperty,True,Biospecimen human,,Sage Bionetworks,
151,isPostMortem,Was the sample taken after death (true/false),"TRUE,FALSE,Other,Uknown,Not collected,Not applicable",,dataProperty,True,Biospecimen human,,Sage Bionetworks,
152,specimenIdSource,"The repository or database to which a specimenID maps; or, the group or lab that generated the specimen. For cell culture studies, the commercial source or lab that generated the cells.",,,dataProperty,False,Biospecimen nonHuman,,Sage Bionetworks,
153,dataGenerationSite,The place where data from a particular specimen was generated.,,,dataProperty,False,Biospecimen nonHuman,,Sage Bionetworks,
154,assay,The analysis or technology used to generate the data in this file,TBD,,dataProperty,True,Biospecimen nonHuman,,Sage Bionetworks,
155,parentSpecimenID,"Unique identifier for the direct Parent from which the Specimen was derived, processed, pooled, etc. (if applicable)",,,dataProperty,False,Biospecimen nonHuman,,Sage Bionetworks,
156,parentSpecimenType,Type of biological material comprising the Parent Specimen (if applicable),,,dataProperty,False,Biospecimen nonHuman,,Sage Bionetworks,
157,laboratoryProcedure,Procedure by which the Specimen was derived from Parent Specimen (if applicable),,,dataProperty,False,Biospecimen nonHuman,,Sage Bionetworks,
158,cohort,Name of the cohort the individual belongs to,"Centenarian,US Family,Denmark Family,The Osteoporotic Fractures in Men (MrOS) Study,Study of Osteoporotic Fractures (SOF),The Health,Aging,and Body Composition Study (HealthABC),Cardiovascular Health Study (CHS),Other,Unknown,Not collected,Not applicable",,dataProperty,True,Individual Human,,Sage Bionetworks,
159,studyCode,"Unique identifier for the study, assigned by the DCC","LC,LG,ILO,LLFS",,dataProperty,True,Individual Human,,Sage Bionetworks,
160,fieldCenterCode,Name of the field center ,"BU,PT,NY,DK,Other,Unknown,Not collected,Not applicable",,dataProperty,True,Individual Human,,Sage Bionetworks,
161,visitCode,"Indicate which longitudinal visit for the individual the data comes from, provided by the data contributor's data dictionary","1,2,Other,Unknown,Not collected,Not applicable",,dataProperty,True,Individual Human,,Sage Bionetworks,regex search ([0-9]+\.[0-9]*.)|([0-9]+)
162,countryCode,"Indicate the geographic region for the individual (shown as ex. ""840"")","World Bank country codes (not listed for purposes of this RFC),Other,Unknown,Not collected,Not applicable",,dataProperty,True,Individual Human,,https://wits.worldbank.org/countryprofile/metadata/en/country/all,regex search ([0-9]+)
163,consentGroupID,"Indicate the consent group for the individual, provided by the data contributor's data dictionary",",Other,Unknown,Not collected,Not applicable",,dataProperty,True,Individual Human,,Sage Bionetworks,
164,speciesGroup,The taxonomic ranking including both species and subspecies the individual belongs to.,"Human,Rodent,Bird,Mammal,Primate,Other,UnknownNot collected,Not applicable",,dataProperty,True,Individual Human,,"https://ontobee.org/ontology/NCITiri=http://purl.obolibrary.org/obo/NCIT_C62690https://www.ebi.ac.uk/ols/ontologies/edam/termsiri=http%3A%2F%2Fedamontology.org%2Fdata_1045,",
165,sex,The biological sex of the individual,"Male,Female,Other,Unknown,Not collected,Not applicable",,dataProperty,True,Individual Human,,"Sage Bionetworks,https://www.synapse.org/#!Synapse:syn25878249",
166,race,Race of individual,"White,Black or African American,Asian,American Indian or Alaska Native,Native Hawaiian or Other Pacific Islander,Multiracial,Other race,Prefer not to answer,Unknown,Not collected,Not applicable",,dataProperty,True,Individual Human,,"Sage Bionetworks,https://www.synapse.org/#!Synapse:syn25878249,https://jamanetwork.com/pages/inclusive-language,https://thesaurus.cancer.gov/ncitbrowser/pages/home.jsfversion=23.04d",
167,ethnicity,Ethnicity of individual,"Not Hispanic or latinoEthnicity,Hispanic or latinoEthnicity,Prefer not to answer,Other,Unknown,Not collected,Not applicable",,dataProperty,True,Individual Human,,"Sage Bionetworks,https://www.synapse.org/#!Synapse:syn25878249",
168,ethnicGroupCode,"A coded value specifying the self-declared ethnic origination independent of racial origination, provided by the data contributor's data dictionary",,,dataProperty,False,Individual Human,,https://ncithesaurus.nci.nih.gov/ncitbrowser/pages/concept_details.jsfdictionary=NCI_Thesaurus&version=23.04d&code=C93563&ns=ncit&type=properties&key=1040179992&b=1&n=0&vse=null,
169,age,"Age of the individual (age in years of the individual at first recorded study event (enrollment, visit, observation, sample collection, survey completion, etc.)","Unknown,Not collected,Not applicable",,dataProperty,True,Individual Human,,"Sage Bionetworks,",
170,diagnosisStatus,"Whether the individual has been diagnosed with a condition or disease (physical and/or cognitive), ""True"" indicates the individual has been diagnosed","TRUEDiagnosisStatus,FALSE,Unknown,Not collected,Not applicable",,dataProperty,True,Individual Human,,Sage Bionetworks,
171,diagnosis,Indicate the disease or condition.,"HPO,MONDO,MAXO codes or labels (not listed for purposes of this RFC),Other,Unknown,Not collected,Not applicable",,dataProperty,False,Individual Human,,"https://www.ebi.ac.uk/ols/ontologies/mondo,https://www.ebi.ac.uk/ols/ontologies/maxo,https://www.ebi.ac.uk/ols/ontologies/hp",
172,taxon,"Taxonomic identifier. The National Center for Biotechnology Information taxon ID (formatted as, ex. ""txid9989"")","NCBI taxonomy values (not listed for purposes of this RFC),Unknown,Not collected,Not applicable",,dataProperty,True,Individual nonHuman,,"https://www.ncbi.nlm.nih.gov/taxonomy,http://edamontology.org/data_1179,http://purl.obolibrary.org/obo/TAXRANK_0000010",
173,speciesName,"The scientific name of the species (typically a taxonomic group, ex. ""Eremophila alpestris"") the individual belongs to.","NCBI taxonomy values (not listed for purposes of this RFC),Unknown,Not collected,Not applicable",,dataProperty,True,Individual nonHuman,,https://www.ebi.ac.uk/ols/ontologies/edam/termsiri=http%3A%2F%2Fedamontology.org%2Fdata_1045,
174,commonName,"The biological species common name the individual belongs to (ex. ""Horned Lark"").note: As a default, the valid scientific name for the species should be indicated. ","Genbank common names (not listed for purposes of this RFC)Unknown,Not collected,Not applicable",,dataProperty,True,Individual nonHuman,,https://www.ebi.ac.uk/ols/ontologies/edam/termsiri=http%3A%2F%2Fedamontology.org%2Fdata_1874,
175,lifeStage,The life stage of the individual. note: Other values are possible depending on life stage terminology for individual species. Please let the data curation team know.,"Juvenile,Post-Juvenile,Adult,Other,Unknown,Not collected,Not applicable",,dataProperty,True,Individual nonHuman,,"Biological Collections Ontology,https://www.animalaudiograms.org/audiogram_metadata_scheme#:~:text=range%3A%20female%3B%20male-,life%20stage,-The%20life%20stage,https://www.ebi.ac.uk/ols/ontologies/pato",
176,speciesAge,"Age of individual (formatted in months, ex. ""72 months""). note: Uncertainty about the age might require recording age by specifying a lower and upper estimate in months for the age of the animal.","Unknown,Not collected,Not applicable",,dataProperty,True,Individual nonHuman,,"Sage Bionetworks,https://www.animalaudiograms.org/audiogram_metadata_scheme#:~:text=species%20are%20possible.-,age,-The%20age%20of",
177,captivityStatus,"The status of the individual with regard to captivity. note: Wild, captive, and stranded values are applicable, especially for marine mammals. Depending on life stage terminology for individual species, other values are possible. Please let the data curation team know.","CaptiveCaptivityStatus,Stranded,Wild,Other,Unknown,Not collected,Not applicable",,dataProperty,True,Individual nonHuman,,"https://www.animalaudiograms.org/audiogram_metadata_scheme#:~:text=of%20the%20animal.-,captivity%20status,-The%20status%20of",
178,captivityDuration,"The duration of captivity in months for the individuals in captivity (formatted in months, ex. 72 months). note: Applicable only to animals with captivity status captive.","Unknown,Not collected,Not applicable",,dataProperty,False,Individual nonHuman,,"https://www.animalaudiograms.org/audiogram_metadata_scheme#:~:text=species%20are%20possible.-,captivity%20duration,-The%20duration%20of",
179,OtherSampleType,"If ""other"" is selected list the type of sample",,specifySampleType,validValue,False,bsSeq (bisulfite-seq WGBS methylseq methylomics),,Sage Bionetworks,
180,OtherTechnologyPlatformVersion,"If ""other"" list the name of the platform version",,specifyPlatformVersion,validValue,False,bsSeq (bisulfite-seq WGBS methylseq methylomics),,Sage Bionetworks,
181,OtherPlatformLocation,"If ""other"" list the name of the platform location",,specifyPlatformLocation,validValue,False,bsSeq (bisulfite-seq WGBS methylseq methylomics),,Sage Bionetworks,
182,OtherDnaBatchSizeUnit,"If ""other"" list unit of measure",,specifyDNABatchSizeUnit,validValue,False,bsSeq (bisulfite-seq WGBS methylseq methylomics),,Sage Bionetworks,
183,OtherLibraryPrep,"If ""other"" list the name of the general strategy used to prepare the library",,specifyLibraryPrep,validValue,False,bsSeq (bisulfite-seq WGBS methylseq methylomics),,Sage Bionetworks,
184,OtherLibraryPreparationMethod,"If ""other"" list the name of the library preparation methods",,specifyLibraryPreparationMethod,validValue,False,bsSeq (bisulfite-seq WGBS methylseq methylomics),,Sage Bionetworks,
185,OtherLibraryVersion,"If ""other"" list the name of the library version",,specifyLibraryVersion,validValue,False,bsSeq (bisulfite-seq WGBS methylseq methylomics),,Sage Bionetworks,
186,OtherSequencingBatchSizeUnit,"If ""other"" list unit of measure",,specifySequencingBatchSizeUnit,validValue,False,bsSeq (bisulfite-seq WGBS methylseq methylomics),,Sage Bionetworks,
187,OtherReadLengthUnits,"If ""other"" provide the unit of measure",,specifyReadLengthUnits,validValue,False,bsSeq (bisulfite-seq WGBS methylseq methylomics),,Sage Bionetworks,
188,OtherRepositoryName,"If ""other"" list the name of the repository",,specifyRepositoryName,validValue,False,RNAseq,,Sage Bionetworks,
189,OtherTranscriptType,"If ""other"" list the transcript type",,specifyTranscriptType,validValue,False,RNAseq,,Sage Bionetworks,
190,OtherRnaBatchSizeUnit,"If ""other"" list unit of measure",,specifyRNABatchSizeUnit,validValue,False,scRNAseq,,Sage Bionetworks,
191,YesUseReagent,"One or more identifiers, separated by a semicolon (;). The reagent identifier(s) must be stored in a data dictionary .csv file uploaded to Synapse",,reagentID(s),validValue,False,genotyping,,"Sage Bionetworks,ImmPort",
192,YesUseTreatment,"One or more identifiers, separated by a semicolon (;). The treatment identifier(s) must be stored in a data dictionary .csv file uploaded to Synapse",,treatmentID(s),validValue,False,genotyping,,"Sage Bionetworks,ImmPort",
193,OtherMetabolomics HumanmeasurementTechnique,"If ""other"" is selected list the name of the measurement technique used",,specifyMeasurementTechnique,validValue,False,Metabolomics Human,,Sage Bionetworks,
194,OtherMsAnalyzerTypeMS1,"If ""other"" is selected list the name of the mass spectrometer analyzer used",,specifyMSAnalyzerTypeMS1,validValue,False,Metabolomics Human,,Sage Bionetworks,
195,OtherMsAnalyzerTypeMS2,"If ""other"" is selected list the name of the mass spectrometer analyzer used",,specifyMSAnalyzerTypeMS2,validValue,False,Metabolomics Human,,Sage Bionetworks,
196,OtherMsAssayTechnique,"If ""other"" is selected list the name of the mass spectrometer technique used or the name of the proteomics assay used",,specifyMSAssayTechnique,validValue,False,Metabolomics Human,,Sage Bionetworks,
197,TargetedMsTarget,the type of biospecimen subjected to analysis,"Protein,metabolite,Lipid,Other,Unknown,Not collected,Not applicable,Not Specified",msAnalyteType,validValue,False,Metabolomics Human,,http://purl.obolibrary.org/obo/NCIT_C156434,
198,OtherMsAnalyteType,"If ""other"" list the type of analyte ",,specifyMSAnalyteType,validValue,False,Metabolomics Human,,Sage Bionetworks,
199,OtherMsInstrumentModel,"If ""other"" is selected list the name of the instrument model",,specifyMSInstrumentModel,validValue,False,Metabolomics Human,,Sage Bionetworks,
200,OtherSampleIntdocution,"If ""other"" list the name of the sample introduction",,specifySampleIntroduction,validValue,False,Metabolomics Human,,Sage Bionetworks,
201,OtherDatabaseName,"If ""other"" list the name of the search database",,specifyDatabaseName,validValue,False,Metabolomics Human,,Sage Bionetworks,
202,OtherDatabaseSource,"If ""other"" list the name of the database source",,specifyDatabaseSource,validValue,False,Metabolomics Human,,Sage Bionetworks,
203,YesHasIonizationSource,Ion charge state (positive or negative-ion analysis),"Positive,Negative",ionProperty,validValue,False,Metabolomics Human,,"Sage Bionetworks,Proposed minimum metadata relative to mass spectrometry ",
204,OtherVaccumPressureUnits,"If ""other"" provide the unit of measure",,specifyVacuumPressueUnits,validValue,False,Metabolomics Human,,Sage Bionetworks,
205,OtherLensVoltageUnits,"If ""other"" provide the unit of measure",,specifyLensVoltageUnits,validValue,False,Metabolomics Human,,Sage Bionetworks,
206,YesHasAssayControl,Control samples suitable for normalization and batch correction,"GIS,GoldenWest,NIST SRM 1950,AIBL pool,Baker pool,water plus Baker ISTD,study pool,internal standards,Other,Unknown,Not collected,Not applicable,Not Specified",controlType,validValue,False,Metabolomics Human,,https://doi.org/10.1101/2020.05.19.105197https://doi.org/10.1038/sdata.2017.140https://www-s.nist.gov/srmors/view_detail.cfmsrm=1950Sage BionetworksDSLWG,
207,OtherControlType,"If ""other"" specify the control type",,specifyControlType,validValue,False,Metabolomics Human,,Sage Bionetworks,
208,OtherExperimentalBatchSizeUnit,"If ""other"" list units of measure",,specifyExperimentalBatchSizeUnits,validValue,False,Metabolomics Human,,,
209,OtherBatchSizeUnit,"If ""other"" list the unit of measure",,specifyBatchSizeUnits,validValue,False,Metabolomics Human,,Sage Bionetworks,
210,OtherSampleBatchSizeUnit,"If ""other"" list the unit of measure",,specifySampleBatchSizeUnits,validValue,False,Metabolomics Human,,Sage Bionetworks,
211,OtherAcquisitionBatchSizeUnit,"If ""other"" list units of measure",,specifyAcquisitionBatchSizeUnits,validValue,False,Metabolomics Human,,,
212,OtherProcessingBatchSizeUnit,"If ""other"" list units of measure",,specifyProcessingBatchSizeUnit,validValue,False,Metabolomics Human,,Sage Bionetworks,
213,OtherExtractionMethod,"If ""other"" list the name of the extraction method",,specifyExtractionMethod,validValue,False,Microbiome,,Sage Bionetworks,
214,OtherProteomicsAssayType,"If ""other"" is selected list the name of the type of peptide quantification used",,specifyProteomicsAssayType,validValue,False,proteomics,,Sage Bionetworks,
215,OtherDigestionMethod,"If ""other"" list the type of digestion",,specifyDigestionMethod,validValue,False,proteomics,,Sage Bionetworks,
216,OtherModificationParameters,"If ""other"" is selected, list the custom modification name. We recommend using an intuitive name",,specifyOtherModificationParameters,validValue,False,proteomics,,Sage Bionetworks,
217,OtherCleavageAgents,"If ""other"" is selected, list the enzyme name. ",,specifyOtherCleavageAgent,validValue,False,proteomics,,Sage Bionetworks,
218,Hispanic or latinoEthnicity,"A coded value specifying the self-declared ethnic origination independent of racial origination, provided by the data contributor's data dictionary",,ethnicGroupCode,validValue,False,Individual Human,,https://ncithesaurus.nci.nih.gov/ncitbrowser/pages/concept_details.jsfdictionary=NCI_Thesaurus&version=23.04d&code=C93563&ns=ncit&type=properties&key=1040179992&b=1&n=0&vse=null,
219,TRUEDiagnosisStatus,Indicate the disease or condition.,"HPO,MONDO,MAXO codes or labels (not listed for purposes of this RFC),Other,Unknown,Not collected,Not applicable",diagnosis,validValue,False,Individual Human,,"https://www.ebi.ac.uk/ols/ontologies/mondo,https://www.ebi.ac.uk/ols/ontologies/maxo,https://www.ebi.ac.uk/ols/ontologies/hp",
220,CaptiveCaptivityStatus,"The duration of captivity in months for the individuals in captivity (formatted in months, ex. 72 months). note: Applicable only to animals with captivity status captive.","Unknown,Not collected,Not applicable",captivityDuration,validValue,False,Individual nonHuman,,"https://www.animalaudiograms.org/audiogram_metadata_scheme#:~:text=species%20are%20possible.-,captivity%20duration,-The%20duration%20of",
221,Aging,,,,validValue,False,,,,
222,Baker pool,,,,validValue,False,,,,
223,Cardiovascular Health Study (CHS),,,,validValue,False,,,,
224,Denmark Family,,,,validValue,False,,,,
225,FALSE,,,,validValue,False,,,,
226,MAXO codes or labels (not listed for purposes of this RFC),,,,validValue,False,,,,
227,MONDO,,,,validValue,False,,,,
228,Prefer not to answer,,,,validValue,False,,,,
229,Study of Osteoporotic Fractures (SOF),,,,validValue,False,,,,
230,The Health,,,,validValue,False,,,,
231,The Osteoporotic Fractures in Men (MrOS) Study,,,,validValue,False,,,,
232,US Family,,,,validValue,False,,,,
233,Unknown,,,,validValue,False,,,,
234,and Body Composition Study (HealthABC),,,,validValue,False,,,,
235,pairedEnd,,,,validValue,False,,,,
236,water plus Baker ISTD,,,,validValue,False,,,,
237,10x Visium Spatial Gene Expression,,,,validValue,False,,,,
238,10x,,,,validValue,False,,,,
239,AFU,,,,validValue,False,,,,
240,AI,,,,validValue,False,,,,
241,AIBL pool,,,,validValue,False,,,,
242,AU/ml,,,,validValue,False,,,,
243,Accel-NGS 2S Plus,,,,validValue,False,,,,
244,Accel-NGS Methyl-Seq,,,,validValue,False,,,,
245,Adult,,,,validValue,False,,,,
246,Affymetrix Genome-Wide Human SNP 6.0 Array,,,,validValue,False,,,,
247,Affymetrix Human Gene 1.0 ST Array,,,,validValue,False,,,,
248,Affymetrix Human Genome U133 Plus 2.0 Array,,,,validValue,False,,,,
249,Affymetrix U133AB,,,,validValue,False,,,,
250,Agilent 44Karray,,,,validValue,False,,,,
251,American Indian or Alaska Native,,,,validValue,False,,,,
252,Amniotic Fluid,,,,validValue,False,,,,
253,Appendix,,,,validValue,False,,,,
254,ArrayExpress,,,,validValue,False,,,,
255,Asian,,,,validValue,False,,,,
256,B cell,,,,validValue,False,,,,
257,BGISEQ-500,,,,validValue,False,,,,
258,BU,,,,validValue,False,,,,
259,Basophils,,,,validValue,False,,,,
260,Bionano Irys,,,,validValue,False,,,,
261,Bird,,,,validValue,False,,,,
262,Black or African American,,,,validValue,False,,,,
263,Bone,,,,validValue,False,,,,
264,Bone Marrow,,,,validValue,False,,,,
265,Brachial lymph node,,,,validValue,False,,,,
266,Breast Milk,,,,validValue,False,,,,
267,Broad Single Cell Portal,,,,validValue,False,,,,
268,Bronchoalveolar Lavage Fluid,,,,validValue,False,,,,
269,Bruker Avance IIITimsTOF ProOtherMsAnalyzerTypeMS1,,,,validValue,False,,,,
270,Bruker Avance IIITimsTOF ProOtherMsAnalyzerTypeMS2,,,,validValue,False,,,,
271,C,,,,validValue,False,,,,
272,CCF-BSO values (not listed for purposes of this RFC),,,,validValue,False,,,,
273,CEL-seq,,,,validValue,False,,,,
274,Carbohydrate,,,,validValue,False,,,,
275,Cell culture supernatant,,,,validValue,False,,,,
276,Centenarian,,,,validValue,False,,,,
277,Cerebrospinal Fluid,,,,validValue,False,,,,
278,Cerebrospinal Fluid (CSF),,,,validValue,False,,,,
279,Cervical lymph nodes,,,,validValue,False,,,,
280,Cherry Imaging FACE Platform,,,,validValue,False,,,,
281,Cherry Imaging TRACE Platform,,,,validValue,False,,,,
282,Chromium Single Cell 3',,,,validValue,False,,,,
283,Chromium X,,,,validValue,False,,,,
284,Colon,,,,validValue,False,,,,
285,Colonic Lamina Propria,,,,validValue,False,,,,
286,Convalescent Plasma,,,,validValue,False,,,,
287,Cord blood,,,,validValue,False,,,,
288,DDA-MS,,,,validValue,False,,,,
289,DIA-MS,,,,validValue,False,,,,
290,DK,,,,validValue,False,,,,
291,DK units/ml,,,,validValue,False,,,,
292,DNA,,,,validValue,False,,,,
293,DNALibraryConstruction,,,,validValue,False,,,,
294,Days,,,,validValue,False,,,,
295,Dendritic cell,,,,validValue,False,,,,
296,Dermis,,,,validValue,False,,,,
297,Dried Blood Spot,,,,validValue,False,,,,
298,Drop-Seq,,,,validValue,False,,,,
299,ENA,,,,validValue,False,,,,
300,EnVision 2103 Multiplate Reader,,,,validValue,False,,,,
301,EndItDNAEndRepairKit,,,,validValue,False,,,,
302,Endotracheal aspirate,,,,validValue,False,,,,
303,Ensembl,,,,validValue,False,,,,
304,Epithelium,,,,validValue,False,,,,
305,Exploris 240Exploris 480quadrupole time-of-flight,,,,validValue,False,,,,
306,F,,,,validValue,False,,,,
307,FIA-MSMS,,,,validValue,False,,,,
308,FPKM,,,,validValue,False,,,,
309,Feces,,,,validValue,False,,,,
310,Female,,,,validValue,False,,,,
311,Fibroblast,,,,validValue,False,,,,
312,FlowRepository,,,,validValue,False,,,,
313,GEO,,,,validValue,False,,,,
314,GIS,,,,validValue,False,,,,
315,GISAID,,,,validValue,False,,,,
316,Gastric lamina propria,,,,validValue,False,,,,
317,GenBank,,,,validValue,False,,,,
318,Genbank common names (not listed for purposes of this RFC)Unknown,,,,validValue,False,,,,
319,GoldenWest,,,,validValue,False,,,,
320,HAU,,,,validValue,False,,,,
321,HMDB,,,,validValue,False,,,,
322,HPLC-MSMS,,,,validValue,False,,,,
323,HPO,,,,validValue,False,,,,
324,Hours,,,,validValue,False,,,,
325,Human,,,,validValue,False,,,,
326,Human Reference Atlas values (not listed for purposes of this RFC),,,,validValue,False,,,,
327,IEDB,,,,validValue,False,,,,
328,ILO,,,,validValue,False,,,,
329,ITRAQ,,,,validValue,False,,,,
330,IU,,,,validValue,False,,,,
331,IU/ml,,,,validValue,False,,,,
332,Ileum,,,,validValue,False,,,,
333,Illumina 1M,,,,validValue,False,,,,
334,Illumina Genome Analyzer IIx,,,,validValue,False,,,,
335,Illumina HiSeq 2000,,,,validValue,False,,,,
336,Illumina HiSeq 2500,,,,validValue,False,,,,
337,Illumina HiSeq 3000,,,,validValue,False,,,,
338,Illumina HiSeq 4000,,,,validValue,False,,,,
339,Illumina HiSeq X,,,,validValue,False,,,,
340,Illumina Human660W-Quad v1.0 BeadChip,,,,validValue,False,,,,
341,Illumina HumanHap300,,,,validValue,False,,,,
342,Illumina HumanMethylation450,,,,validValue,False,,,,
343,Illumina HumanOmni1-Quadv1.0,,,,validValue,False,,,,
344,Illumina HumanOmniExpress-24 v1.0 BeadChip,,,,validValue,False,,,,
345,Illumina HumanOmniExpress-24 v1.2 BeadChip,,,,validValue,False,,,,
346,Illumina Infinium MethylationEPIC BeadChip v1.0 (850k),,,,validValue,False,,,,
347,Illumina Infinium MethylationEPIC BeadChip v2.0 (935k)Illumina MiSeq,,,,validValue,False,,,,
348,Illumina MouseWG-6 v2.0 expression BeadChip,,,,validValue,False,,,,
349,Illumina NextSeq 1000,,,,validValue,False,,,,
350,Illumina NextSeq 2000,,,,validValue,False,,,,
351,Illumina NextSeq 500,,,,validValue,False,,,,
352,Illumina NextSeq 550,,,,validValue,False,,,,
353,Illumina NovaSeq 6000,,,,validValue,False,,,,
354,Illumina Omni2pt5M,,,,validValue,False,,,,
355,Illumina Omni5M,,,,validValue,False,,,,
356,Illumina WholeGenome DASL,,,,validValue,False,,,,
357,Illumina h650,,,,validValue,False,,,,
358,ImmPort,,,,validValue,False,,,,
359,Infinium HumanOmniExpressExome,,,,validValue,False,,,,
360,Inguinal lymph node,,,,validValue,False,,,,
361,Jejunum,,,,validValue,False,,,,
362,Juvenile,,,,validValue,False,,,,
363,K,,,,validValue,False,,,,
364,Kallikrein Inactivator Unit per Milliliter,,,,validValue,False,,,,
365,KapaHyperPrep,,,,validValue,False,,,,
366,Kidney,,,,validValue,False,,,,
367,LC,,,,validValue,False,,,,
368,LC-MS,,,,validValue,False,,,,
369,LC-MSMS,,,,validValue,False,,,,
370,LC-SRMOtherMsAssayTechnique,,,,validValue,False,,,,
371,LG,,,,validValue,False,,,,
372,LI-COR Odyssey CLx,,,,validValue,False,,,,
373,LLFS,,,,validValue,False,,,,
374,LTQ Orbitrap XL,,,,validValue,False,,,,
375,Label Free,,,,validValue,False,,,,
376,Leukocytes,,,,validValue,False,,,,
377,LifeViz Infinity System,,,,validValue,False,,,,
378,LifeViz Micro System,,,,validValue,False,,,,
379,Lipid,,,,validValue,False,,,,
380,Liver,,,,validValue,False,,,,
381,Lung,,,,validValue,False,,,,
382,Lung lymph node,,,,validValue,False,,,,
383,Lymph node,,,,validValue,False,,,,
384,Lymphocyte,,,,validValue,False,,,,
385,M,,,,validValue,False,,,,
386,MDMS-SL,,,,validValue,False,,,,
387,MGnify,,,,validValue,False,,,,
388,MIB-MS,,,,validValue,False,,,,
389,MOI,,,,validValue,False,,,,
390,MULTIseq,,,,validValue,False,,,,
391,Macrophage,,,,validValue,False,,,,
392,Male,,,,validValue,False,,,,
393,Mammal,,,,validValue,False,,,,
394,MassBank of North America (MoNA),,,,validValue,False,,,,
395,MassIVE,,,,validValue,False,,,,
396,Mesenteric lymph node,,,,validValue,False,,,,
397,MetaboLights,,,,validValue,False,,,,
398,Metabolomics Workbench,,,,validValue,False,,,,
399,Metlin,,,,validValue,False,,,,
400,Minutes,,,,validValue,False,,,,
401,Monocyte,,,,validValue,False,,,,
402,Months,,,,validValue,False,,,,
403,Mouse Ear,,,,validValue,False,,,,
404,Multiracial,,,,validValue,False,,,,
405,NCBI Gene,,,,validValue,False,,,,
406,NCBI taxonomy values (not listed for purposes of this RFC),,,,validValue,False,,,,
407,NCI values (not listed for purposes of this RFC),,,,validValue,False,,,,
408,NEBNext,,,,validValue,False,,,,
409,NIST SRM 1950,,,,validValue,False,,,,
410,NIST17,,,,validValue,False,,,,
411,NK cell,,,,validValue,False,,,,
412,NPX,,,,validValue,False,,,,
413,NY,,,,validValue,False,,,,
414,Nanostring Counter,,,,validValue,False,,,,
415,Nanostring GeoMx,,,,validValue,False,,,,
416,Nasal Swab,,,,validValue,False,,,,
417,Nasal Swab or Nose Specimen,,,,validValue,False,,,,
418,Nasal lavage fluid,,,,validValue,False,,,,
419,Nasopharyngeal Swab Specimen,,,,validValue,False,,,,
420,Native Hawaiian or Other Pacific Islander,,,,validValue,False,,,,
421,Negative,,,,validValue,False,,,,
422,Negative Control,,,,validValue,False,,,,
423,Neutrophil,,,,validValue,False,,,,
424,NexteraXT,,,,validValue,False,,,,
425,No,,,,validValue,False,,,,
426,Not Hispanic or latinoEthnicity,,,,validValue,False,,,,
427,Not Specified,,,,validValue,False,,,,
428,Not applicable,,,,validValue,False,,,,
429,Not collected,,,,validValue,False,,,,
430,Olympus DP80,,,,validValue,False,,,,
431,Omni-ATAC,,,,validValue,False,,,,
432,Optic Nerve,,,,validValue,False,,,,
433,Orbitrap Fusion,,,,validValue,False,,,,
434,Orbitrap Fusion Lumos,,,,validValue,False,,,,
435,Orbitrap Fusion Lumos Tribrid,,,,validValue,False,,,,
436,Organoids,,,,validValue,False,,,,
437,Oropharyngeal Swab Specimen,,,,validValue,False,,,,
438,Osteoblasts,,,,validValue,False,,,,
439,Other,,,,validValue,False,,,,
440,Other race,,,,validValue,False,,,,
441,OtherConversionRatioUnits,,,,validValue,False,,,,
442,OtherExperiementalBatchSizeUnit,,,,validValue,False,,,,
443,OtherLensVoltagesUnit,,,,validValue,False,,,,
444,OtherVacuumPressureUnit,,,,validValue,False,,,,
445,OtherYesHasIonizationSource,,,,validValue,False,,,,
446,PBL,,,,validValue,False,,,,
447,PBMC,,,,validValue,False,,,,
448,PCRfree,,,,validValue,False,,,,
449,PFU,,,,validValue,False,,,,
450,PFUe,,,,validValue,False,,,,
451,PRIDE,,,,validValue,False,,,,
452,PT,,,,validValue,False,,,,
453,PacBio RS II,,,,validValue,False,,,,
454,PacBio Sequel II System,,,,validValue,False,,,,
455,PacBio Sequel IIe System,,,,validValue,False,,,,
456,Pancreas,,,,validValue,False,,,,
457,Pancreatic Stellate Cells,,,,validValue,False,,,,
458,Perlegen 300Karray,,,,validValue,False,,,,
459,Placenta,,,,validValue,False,,,,
460,Plasma,,,,validValue,False,,,,
461,Pooled Sample,,,,validValue,False,,,,
462,Popliteal lymph node,,,,validValue,False,,,,
463,Positive,,,,validValue,False,,,,
464,Positive Control,,,,validValue,False,,,,
465,Possible values are listed under modification parameters,,,,validValue,False,,,,
466,Possible values are listed under the cleavage agent nameOtherCleavageAgents,,,,validValue,False,,,,
467,Possible values are listed under the instrument model term.OtherMsInstrumentModel,,,,validValue,False,,,,
468,Post-Juvenile,,,,validValue,False,,,,
469,Pound,,,,validValue,False,,,,
470,Primate,,,,validValue,False,,,,
471,Promega GloMax Discover,,,,validValue,False,,,,
472,Protein,,,,validValue,False,,,,
473,Q Exactive,,,,validValue,False,,,,
474,Q Exactive HF,,,,validValue,False,,,,
475,Q Exactive HF-X,,,,validValue,False,,,,
476,Q Exactive Plus,,,,validValue,False,,,,
477,Q Exative HF,,,,validValue,False,,,,
478,RPKM,,,,validValue,False,,,,
479,Rectal Swab Specimen,,,,validValue,False,,,,
480,Red Blood Cell,,,,validValue,False,,,,
481,Rodent,,,,validValue,False,,,,
482,SILAC,,,,validValue,False,,,,
483,SMRTbell,,,,validValue,False,,,,
484,SPLITseq,,,,validValue,False,,,,
485,SRA,,,,validValue,False,,,,
486,STARRSeq,,,,validValue,False,,,,
487,Saliva,,,,validValue,False,,,,
488,Salivary Glands,,,,validValue,False,,,,
489,Seconds,,,,validValue,False,,,,
490,Serum,,,,validValue,False,,,,
491,Skin of body,,,,validValue,False,,,,
492,Small intestine,,,,validValue,False,,,,
493,Smart-seq1,,,,validValue,False,,,,
494,Smart-seq2,,,,validValue,False,,,,
495,Smart-seq4,,,,validValue,False,,,,
496,Spectramax M Series,,,,validValue,False,,,,
497,Spleen,,,,validValue,False,,,,
498,Sputum,,,,validValue,False,,,,
499,Stomach,,,,validValue,False,,,,
500,Stranded,,,,validValue,False,,,,
501,SureCell,,,,validValue,False,,,,
502,Synovial fluid,,,,validValue,False,,,,
503,Synovial tissue,,,,validValue,False,,,,
504,T cell,,,,validValue,False,,,,
505,TBD,,,,validValue,False,,,,
506,TCID50,,,,validValue,False,,,,
507,TMT,,,,validValue,False,,,,
508,TPM,,,,validValue,False,,,,
509,TRUE,,,,validValue,False,,,,
510,Targeted Absolute Quantitation,,,,validValue,False,,,,
511,Thymus,,,,validValue,False,,,,
512,Tonsil,,,,validValue,False,,,,
513,Trachea,,,,validValue,False,,,,
514,TruSeq,,,,validValue,False,,,,
515,TruSeqOtherLibraryPreparationMethod,,,,validValue,False,,,,
516,Tumor Tissue,,,,validValue,False,,,,
517,UPLC-ESI-QTOF-MS,,,,validValue,False,,,,
518,UPLC-MSMS,,,,validValue,False,,,,
519,Uknown,,,,validValue,False,,,,
520,Ultralow Methyl-Seq,,,,validValue,False,,,,
521,Umbilical cord blood,,,,validValue,False,,,,
522,UnTargetedMsTarget,,,,validValue,False,,,,
523,UnTargetedMsTargetUnknown,,,,validValue,False,,,,
524,UniProt,,,,validValue,False,,,,
525,UnknownNot collected,,,,validValue,False,,,,
526,Urinary bladder,,,,validValue,False,,,,
527,Urine,,,,validValue,False,,,,
528,Vagina,,,,validValue,False,,,,
529,Vectra H1 3D Imaging System,,,,validValue,False,,,,
530,Vevo 3100 Imaging System,,,,validValue,False,,,,
531,Weeks,,,,validValue,False,,,,
532,White,,,,validValue,False,,,,
533,Whole blood,,,,validValue,False,,,,
534,Wild,,,,validValue,False,,,,
535,World Bank country codes (not listed for purposes of this RFC),,,,validValue,False,,,,
536,Xevo G2 QTOF,,,,validValue,False,,,,
537,Xevo TQ-S,,,,validValue,False,,,,
538,Years,,,,validValue,False,,,,
539,Zeiss LSM 980,,,,validValue,False,,,,
540,amplicon,,,,validValue,False,,,,
541,blood,,,,validValue,False,,,,
542,bpg/dl,,,,validValue,False,,,,
543,brain,,,,validValue,False,,,,
544,bulk cell,,,,validValue,False,,,,
545,bulk nuclei,,,,validValue,False,,,,
546,cell line,,,,validValue,False,,,,
547,cellHashing,,,,validValue,False,,,,
548,d.p.c.,,,,validValue,False,,,,
549,dbGAP,,,,validValue,False,,,,
550,forward,,,,validValue,False,,,,
551,g/dl,,,,validValue,False,,,,
552,g/l,,,,validValue,False,,,,
553,gm,,,,validValue,False,,,,
554,in-gel,,,,validValue,False,,,,
555,in-solution,,,,validValue,False,,,,
556,internal standards,,,,validValue,False,,,,
557,iu/l,,,,validValue,False,,,,
558,kg,,,,validValue,False,,,,
559,l,,,,validValue,False,,,,
560,lincRNA,,,,validValue,False,,,,
561,lncRNAenrichment,,,,validValue,False,,,,
562,mM,,,,validValue,False,,,,
563,mRNA,,,,validValue,False,,,,
564,metabolite,,,,validValue,False,,,,
565,methylSeq,,,,validValue,False,,,,
566,mg,,,,validValue,False,,,,
567,mg/dl,,,,validValue,False,,,,
568,mg/l,,,,validValue,False,,,,
569,mg/ml,,,,validValue,False,,,,
570,miRNAenrichment,,,,validValue,False,,,,
571,mitochondria,,,,validValue,False,,,,
572,miu/ml,,,,validValue,False,,,,
573,ml,,,,validValue,False,,,,
574,multiome,,,,validValue,False,,,,
575,nM,,,,validValue,False,,,,
576,ng,,,,validValue,False,,,,
577,ng/dl,,,,validValue,False,,,,
578,ng/ml,,,,validValue,False,,,,
579,ng/nl,,,,validValue,False,,,,
580,ng/ul,,,,validValue,False,,,,
581,nl,,,,validValue,False,,,,
582,optical density,,,,validValue,False,,,,
583,organoid,,,,validValue,False,,,,
584,pM,,,,validValue,False,,,,
585,pg,,,,validValue,False,,,,
586,pg/mg creatinine,,,,validValue,False,,,,
587,pg/ml,,,,validValue,False,,,,
588,pg/nl,,,,validValue,False,,,,
589,pg/ul,,,,validValue,False,,,,
590,pl,,,,validValue,False,,,,
591,polyAselection,,,,validValue,False,,,,
592,proximity ligation,,,,validValue,False,,,,
593,rRNAdepletion,,,,validValue,False,,,,
594,reverse,,,,validValue,False,,,,
595,sac-seq,,,,validValue,False,,,,
596,scale,,,,validValue,False,,,,
597,single cell,,,,validValue,False,,,,
598,single nucleus,,,,validValue,False,,,,
599,singleEnd,,,,validValue,False,,,,
600,snRNA,,,,validValue,False,,,,
601,sorted cells,,,,validValue,False,,,,
602,sorted nuclei,,,,validValue,False,,,,
603,stool,,,,validValue,False,,,,
604,study pool,,,,validValue,False,,,,
605,swabs,,,,validValue,False,,,,
606,time-of-flight,,,,validValue,False,,,,
607,totalRNA,,,,validValue,False,,,,
608,triple quadrupole,,,,validValue,False,,,,
609,uM,,,,validValue,False,,,,
610,ug,,,,validValue,False,,,,
611,ug/dl,,,,validValue,False,,,,
612,ug/l,,,,validValue,False,,,,
613,ug/ml,,,,validValue,False,,,,
614,ug/ul,,,,validValue,False,,,,
615,uiu/ml,,,,validValue,False,,,,
616,ul,,,,validValue,False,,,,
617,umol/l,,,,validValue,False,,,,
618,units/ml,,,,validValue,False,,,,
619,Affymetrix Genome-Wide Human SNP 5.0 Array,,,,validValue,False,,,,
620,Biospecimen human,,,"individualID,specimenID,specimenType,specimenAge,samplingAge,organ,tissue,tissueVolume,tissueWeight,specimenSource,nucleicAcidSource,cellType,fastingState,isPostMortem,Component",dataType,True,,,,
621,Biospecimen nonHuman,,,"individualID,specimenID,specimenIdSource,dataGenerationSite,specimenType,assay,specimenAge,parentSpecimenID,parentSpecimenType,laboratoryProcedure,samplingAge,organ,tissue,tissueVolume,tissueWeight,specimenSource,nucleicAcidSource,cellType,fastingState,isPostMortem,Component",dataType,True,,,,
622,Individual Human,,,"individualID,cohort,studyCode,fieldCenterCode,visitCode,countryCode,consentGroupID,speciesGroup,sex,race,ethnicity,ethnicGroupCode,age,diagnosisStatus,diagnosis,Component",dataType,True,,,,
623,Individual nonHuman,,,"individualID,cohort,studyCode,taxon,speciesGroup,speciesName,commonName,sex,lifeStage,speciesAge,captivityStatus,captivityDuration,Component",dataType,True,,,,
624,Metabolomics Human,,,"specimenID,sampleType,specifySampleType,specifyMeasurementTechnique,technologyPlatformVersion,specifyPlatformVersion,platformLocation,specifyPlatformLocation,msTarget,msAnalyzerTypeMS1,specifyMSAnalyzerTypeMS1,msAnalyzerTypeMS2,specifyMSAnalyzerTypeMS2,msAssayTechnique,specifyMSAssayTechnique,msAnalyteType,specifyMSAnalyteType,msInstrumentModel,specifyMSInstrumentModel,sampleIntroduction,specifySampleIntroduction,extractionMethod,acquisitionMode,acquisitionSoftware,acquistionSoftwareVersion,samplePrepProtocol,databaseName,specifyDatabaseName,databaseSource,specifyDatabaseSource,databaseWeblink,spectrometerFrequency,hasIonizationSource,ionProperty,vacuumPressure,vacuumPressureUnit,specifyVacuumPressueUnits,lensVoltages ,lensVoltagesUnit ,specifyLensVoltageUnits,gasFlowTemperature,gasFlowTemperatureUnit,hasAssayControl,controlType,specifyControlType,experiementalBatchSize,experiementalBatchSizeUnit,specifyExperimentalBatchSizeUnits,batchSize,batchSizeUnit,specifyBatchSizeUnits,batchID,batchLabel,sampleBatchID,sampleBatchSize,sampleBatchSizeUnit,specifySampleBatchSizeUnits,acquisitionBatchID,acquisitionBatchSize,acquisitionBatchSizeUnit,specifyAcquisitionBatchSizeUnits,processingBatchID,processingBatchSize,processingBatchSizeUnit,specifyProcessingBatchSizeUnit,f,Component",dataType,True,,,,
625,Microbiome,,,"specimenID,sampleType,specifySampleType,specifyMeasurementTechnique,technologyPlatformVersion,specifyPlatformVersion,platformLocation,specifyPlatformLocation,extractionMethod,specifyExtractionMethod,libraryBatchID,sequencingBatchID,sequencingBatchSize,sequencingBatchSizeUnit,specifySequencingBatchSizeUnit,dnaBatchID,dnaBatchSize,dnaBatchSizeUnit,specifyDNABatchSizeUnit,libraryPrep,specifyLibraryPrep,libraryPreparationMethod,specifyLibraryPreparationMethod,libraryVersion,specifyLibraryVersion,isStranded,readStrandOrigin,readLength,readLengthUnits,specifyReadLengthUnits,runType,totalReads,Component",dataType,True,,,,
626,RNAseq,,,"specimenID,sampleType,specifySampleType,specifyMeasurementTechnique,technologyPlatformVersion,specifyPlatformVersion,platformLocation,specifyPlatformLocation,referenceTranscriptID,repositoryName,specifyRepositoryName,transcriptType,specifyTranscriptType,resultUnit,valueReported,libraryPreparationMethod,specifyLibraryPreparationMethod,libraryVersion,specifyLibraryVersion,isStranded,readStrandOrigin,readLength,readLengthUnits,specifyReadLengthUnits,runType,totalReads,Component",dataType,True,,,,
627,Whole Genome Sequencing,,,"specimenID,sampleType,specifySampleType,specifyMeasurementTechnique,technologyPlatformVersion,specifyPlatformVersion,platformLocation,specifyPlatformLocation,referenceTranscriptID,repositoryName,specifyRepositoryName,transcriptType,specifyTranscriptType,resultUnit,valueReported,rnaBatchID,libraryBatchID,sequencingBatchID,libraryPrep,specifyLibraryPrep,libraryPreparationMethod,specifyLibraryPreparationMethod,libraryVersion,specifyLibraryVersion,isStranded,readStrandOrigin,readLength,readLengthUnits,specifyReadLengthUnits,runType,totalReads,Component",dataType,True,,,,
628,bsSeq (bisulfite-seq WGBS methylseq methylomics),,,"specimenID,sampleType,specifySampleType,specifyMeasurementTechnique,technologyPlatformVersion,specifyPlatformVersion,platformLocation,specifyPlatformLocation,referenceTranscriptID,dnaBatchID,dnaBatchID,dnaBatchSize,dnaBatchSizeUnit,specifyDNABatchSizeUnit,libraryBatchID,libraryPrep,specifyLibraryPrep,libraryPreparationMethod,specifyLibraryPreparationMethod,libraryVersion,specifyLibraryVersion,sequencingBatchID,sequencingBatchSize,sequencingBatchSizeUnit,specifySequencingBatchSizeUnit,libraryPreparationMethod,specifyLibraryPreparationMethod,libraryVersion,specifyLibraryVersion,isStranded,readStrandOrigin,readLength,readLengthUnits,specifyReadLengthUnits,runType,totalReads,directionalBSseqLibrary,gDNAconc,lambdaDNAconc,pcrCycles,meanCoverage,conversionRatio,conversionRatioUnits,specifyConversionRatioUnit,enrichmentMethod,specifyEnrichmentMethod,Component",dataType,True,,,,
629,genotyping,,,"specimenID,sampleType,specifySampleType,useReagent,reagentID(s),reagentName,reagentManufacturer,reagentCatalogNumber,reagentLotNumber,reagentWeblink,reagentContact,useTreatment,treatmentID(s),treatmentName,treatmentAmountValue,treatmentAmountUnit,treatmentDurationValue,treatmentDurationUnit,treatmentTemperatureValue,treatmentTemperatureUnit,specifyMeasurementTechnique,Component",dataType,True,,,,
630,proteomics,,,"specimenID,sampleType,specifySampleType,specifyMeasurementTechnique,technologyPlatformVersion,specifyPlatformVersion,platformLocation,specifyPlatformLocation,msTarget,msAnalyzerTypeMS1,specifyMSAnalyzerTypeMS1,msAnalyzerTypeMS2,specifyMSAnalyzerTypeMS2,msAssayTechnique,specifyMSAssayTechnique,msAnalyteType,specifyMSAnalyteType,protoemicsAssayType,specifyProteomicsAssayType,msInstrumentModel,specifyMSInstrumentModel,digestionMethod,specifyDigestionMethod,fractionIdentifier,acquisitionMode,acquisitionSoftware,acquistionSoftwareVersion,samplePrepProtocol,databaseName,specifyDatabaseName,databaseSource,specifyDatabaseSource,databaseWeblink,spectrometerFrequency,modificationParameters,specifyOtherModificationParameters,cleavageAgents,specifyOtherCleavageAgent,fragmentMassTolerance,precursorMassTolerance,dataFile,Component",dataType,True,,,,
631,scRNAseq,,,"specimenID,sampleType,specifySampleType,specifyMeasurementTechnique,technologyPlatformVersion,specifyPlatformVersion,platformLocation,specifyPlatformLocation,referenceTranscriptID,repositoryName,specifyRepositoryName,transcriptType,specifyTranscriptType,resultUnit,valueReported,rnaBatchID,rnaBatchSize,rnaBatchSizeUnit,specifyRNABatchSizeUnit,libraryBatchID,sequencingBatchID,sequencingBatchSize,sequencingBatchSizeUnit,specifySequencingBatchSizeUnit,libraryPrep,specifyLibraryPrep,libraryPreparationMethod,specifyLibraryPreparationMethod,libraryVersion,specifyLibraryVersion,isStranded,readStrandOrigin,readLength,readLengthUnits,specifyReadLengthUnits,runType,totalReads,Component",dataType,True,,,,
